sort_order,namespace,object_id,property_path,value_type,unit,source_sheet,source_cell,required,include_runtime,notes_ru
1,global,root,global.sim.schema_version,string,id,Global Config,D6,1,1,Версия схемы баланса
2,global,root,global.sim.config_version,string,id,Global Config,D7,1,1,Версия набора параметров
3,global,root,global.sim.rng_version,string,id,Global Config,D8,1,1,Версия алгоритма RNG
4,global,root,global.sim.ordering_version,string,id,Global Config,D9,1,1,Версия порядка тика
5,global,root,global.sim.tick_ms,int,ms,Global Config,D10,1,1,Длительность одного тика
6,global,root,battle.time_limit_ticks,int,ticks,Global Config,D11,1,1,Лимит боя
7,global,root,global.sim.fp_scale,int,fp,Global Config,D12,1,1,Масштаб fixed-point
8,global,root,global.sim.probability_min,fp,fp,Global Config,D13,1,1,Минимум вероятности
9,global,root,global.sim.probability_max,fp,fp,Global Config,D14,1,1,Максимум вероятности
10,global,root,global.sim.multiplier_min,fp,fp,Global Config,D15,1,1,Минимальный множитель веса
11,global,root,global.sim.multiplier_max,fp,fp,Global Config,D16,1,1,Максимальный множитель веса
12,global,root,global.sim.decision_weight_max,int,weight,Global Config,D17,1,1,Максимальный итоговый вес
13,global,root,global.arena.min_position,int,position,Global Config,D18,1,1,Левая граница арены
14,global,root,global.arena.max_position,int,position,Global Config,D19,1,1,Правая граница арены
15,global,root,global.arena.start_position_a,int,position,Global Config,D20,1,1,Стартовая позиция A
16,global,root,global.arena.start_position_b,int,position,Global Config,D21,1,1,Стартовая позиция B
17,global,root,global.arena.wall_zone_size,int,position,Global Config,D22,1,1,Ширина зоны стены
18,global,root,global.damage.armor_k,int,rating,Global Config,D23,1,1,Константа нелинейной брони
19,global,root,global.damage.floor,int,hp,Global Config,D24,1,1,Общий нижний clamp урона
20,global,root,global.damage.cap,int,hp,Global Config,D25,1,1,Общий верхний clamp урона
21,global,root,global.damage.block_slope,fp,fp/rating,Global Config,D26,1,1,Наклон Guard против GuardBreak
22,global,root,global.damage.block_min,fp,fp,Global Config,D27,1,1,Минимальный шанс Block
23,global,root,global.damage.block_max,fp,fp,Global Config,D28,1,1,Максимальный шанс Block
24,global,root,global.damage.dodge_slope,fp,fp/rating,Global Config,D29,1,1,Наклон Evasion против Precision
25,global,root,global.damage.dodge_min,fp,fp,Global Config,D30,1,1,Минимальный шанс Dodge
26,global,root,global.damage.dodge_max,fp,fp,Global Config,D31,1,1,Максимальный шанс Dodge
27,global,root,global.damage.speed_baseline,int,rating,Global Config,D32,1,1,Базовый ActionSpeed
28,global,root,global.damage.speed_slope,fp,fp/rating,Global Config,D33,1,1,Влияние ActionSpeed
29,global,root,global.damage.speed_min,fp,fp,Global Config,D34,1,1,Минимальный speed multiplier
30,global,root,global.damage.speed_max,fp,fp,Global Config,D35,1,1,Максимальный speed multiplier
31,global,root,analysis.benchmark_armor,int,rating,Global Config,D36,1,1,Броня для сравнительного урона
32,global,root,global.control.control_k,int,rating,Global Config,D37,1,1,Константа контроля
33,global,root,global.control.force_k,int,rating,Global Config,D38,1,1,Константа массы и силы
34,global,root,global.control.stun_min_ticks,int,ticks,Global Config,D39,1,1,Минимальное оглушение
35,global,root,global.control.stun_max_ticks,int,ticks,Global Config,D40,1,1,Максимальное оглушение
36,global,root,global.control.fatigue_threshold,int,stacks,Global Config,D41,1,1,Стаки до immunity
37,global,root,global.control.fatigue_decay_ticks,int,ticks,Global Config,D42,1,1,Время сброса fatigue
38,global,root,global.control.immunity_ticks,int,ticks,Global Config,D43,1,1,Окно ControlImmunity
39,global,root,global.control.grab_lockout_ticks,int,ticks,Global Config,D44,1,1,Запрет повторного grab
40,global,root,global.control.wakeup_immunity_ticks,int,ticks,Global Config,D45,1,1,Защита после KnockedDown
41,global,root,global.control.max_hold_ticks,int,ticks,Global Config,D46,1,1,Глобальный предел захвата
42,global,root,global.ai.repeat_same_action_fp,fp,fp,Global Config,D47,1,1,Штраф повтора ActionId
43,global,root,global.ai.repeat_same_category_fp,fp,fp,Global Config,D48,1,1,Штраф повтора категории
44,global,root,global.ai.opportunity_growth_fp,fp,fp/eligible miss,Global Config,D49,1,1,Рост signature opportunity
45,global,root,global.ai.opportunity_cap_fp,fp,fp,Global Config,D50,1,1,Предел opportunity multiplier
46,global,root,global.ai.hard_opportunity_misses,int,count,Global Config,D51,1,1,Eligible misses до hard opportunity
47,global,root,global.ai.default_perception_delay_ticks,int,ticks,Global Config,D52,1,1,Базовая задержка распознавания
48,global,root,state.idle.energy_regen_fp,fp,fp,Global Config,D53,1,1,Регенерация в Idle
49,global,root,state.prepare.energy_regen_fp,fp,fp,Global Config,D54,1,1,Регенерация в Prepare
50,global,root,state.active.energy_regen_fp,fp,fp,Global Config,D55,1,1,Регенерация в Active
51,global,root,state.recovery.energy_regen_fp,fp,fp,Global Config,D56,1,1,Регенерация в Recovery
52,global,root,state.block.energy_regen_fp,fp,fp,Global Config,D57,1,1,Регенерация в Block
53,global,root,state.dodge.energy_regen_fp,fp,fp,Global Config,D58,1,1,Регенерация в Dodge
54,global,root,state.stunned.energy_regen_fp,fp,fp,Global Config,D59,1,1,Регенерация в Stunned
55,global,root,state.knocked_down.energy_regen_fp,fp,fp,Global Config,D60,1,1,Регенерация в KnockedDown
56,global,root,state.grabbed.energy_regen_fp,fp,fp,Global Config,D61,1,1,Регенерация в Grabbed
57,global,root,fighter.bear.rage_per_damage_fp,fp,fp,Global Config,D62,1,1,Ярость за полученный урон
58,global,root,fighter.bear.rage_per_heavy,int,resource,Global Config,D63,1,1,Ярость за heavy hit
59,global,root,fighter.bear.rage_per_blocked_heavy,int,resource,Global Config,D64,1,1,Ярость за blocked heavy
60,global,root,fighter.bear.low_health_threshold_fp,fp,fp,Global Config,D65,1,1,Порог low health
61,global,root,fighter.bear.low_health_rage_multiplier_fp,fp,fp,Global Config,D66,1,1,Множитель ярости при low health
62,global,root,fighter.bear.rage_tier_1,int,resource,Global Config,D67,1,1,Порог Rage I
63,global,root,fighter.bear.rage_tier_2,int,resource,Global Config,D68,1,1,Порог Rage II
64,global,root,fighter.bear.rage_tier_3,int,resource,Global Config,D69,1,1,Порог Rage III
65,global,root,fighter.kangaroo.tempo_per_unit_fp,fp,fp/position,Global Config,D70,1,1,Темп за добровольное движение
66,global,root,fighter.kangaroo.dodge_bonus,int,resource,Global Config,D71,1,1,Темп за успешный Dodge
67,global,root,fighter.kangaroo.rhythm_bonus,int,resource,Global Config,D72,1,1,Темп за новую категорию
68,global,root,fighter.kangaroo.decay_grace_ticks,int,ticks,Global Config,D73,1,1,Пауза до распада темпа
69,global,root,fighter.kangaroo.idle_decay_per_tick,int,resource/tick,Global Config,D74,1,1,Распад темпа после grace
70,global,root,fighter.kangaroo.break_loss,int,resource,Global Config,D75,1,1,Потеря от interrupt/hard control
71,global,root,fighter.kangaroo.tempo_tier_1,int,resource,Global Config,D76,1,1,Порог Tempo I
72,global,root,fighter.kangaroo.tempo_tier_2,int,resource,Global Config,D77,1,1,Порог Tempo II
73,global,root,fighter.kangaroo.tempo_tier_3,int,resource,Global Config,D78,1,1,Порог Tempo III
74,global,root,fighter.gorilla.grip_per_block,int,resource,Global Config,D79,1,1,Хватка за успешный Block
75,global,root,fighter.gorilla.grip_per_shove,int,resource,Global Config,D80,1,1,Хватка за Driving Shove
76,global,root,fighter.gorilla.grip_per_grab,int,resource,Global Config,D81,1,1,Хватка за resolved grab
77,global,root,fighter.gorilla.grip_per_wall_tick,int,resource,Global Config,D82,1,1,Хватка за wall pressure tick
78,global,root,fighter.gorilla.wall_tick_interval,int,ticks,Global Config,D83,1,1,Интервал wall pressure
79,global,root,fighter.gorilla.disengage_grace_ticks,int,ticks,Global Config,D84,1,1,Пауза до потери хватки
80,global,root,fighter.gorilla.disengage_loss_per_tick,int,resource/tick,Global Config,D85,1,1,Потеря хватки вне engagement
81,global,root,fighter.gorilla.hard_control_loss,int,resource,Global Config,D86,1,1,Потеря от собственного hard control
82,global,root,fighter.gorilla.grip_tier_1,int,resource,Global Config,D87,1,1,Порог Grip I
83,global,root,fighter.gorilla.grip_tier_2,int,resource,Global Config,D88,1,1,Порог Grip II
84,global,root,fighter.gorilla.grip_tier_3,int,resource,Global Config,D89,1,1,Порог Grip III
85,fighter,bear,animal_id,string,,Fighter Stats,A6,1,1,Источник Fighter Stats.Animal ID
86,fighter,bear,resource_id,string,,Fighter Stats,C6,1,1,Источник Fighter Stats.Resource ID
87,fighter,bear,max_health,int,,Fighter Stats,D6,1,1,Источник Fighter Stats.Max Health
88,fighter,bear,power,int,,Fighter Stats,E6,1,1,Источник Fighter Stats.Power
89,fighter,bear,armor,int,,Fighter Stats,F6,1,1,Источник Fighter Stats.Armor
90,fighter,bear,precision,int,,Fighter Stats,G6,1,1,Источник Fighter Stats.Precision
91,fighter,bear,evasion,int,,Fighter Stats,H6,1,1,Источник Fighter Stats.Evasion
92,fighter,bear,guard,int,,Fighter Stats,I6,1,1,Источник Fighter Stats.Guard
93,fighter,bear,guard_break,int,,Fighter Stats,J6,1,1,Источник Fighter Stats.Guard Break
94,fighter,bear,move_speed,int,,Fighter Stats,K6,1,1,Источник Fighter Stats.Move Speed
95,fighter,bear,action_speed,int,,Fighter Stats,L6,1,1,Источник Fighter Stats.Action Speed
96,fighter,bear,initiative,int,,Fighter Stats,M6,1,1,Источник Fighter Stats.Initiative
97,fighter,bear,control_power,int,,Fighter Stats,N6,1,1,Источник Fighter Stats.Control Power
98,fighter,bear,control_resistance,int,,Fighter Stats,O6,1,1,Источник Fighter Stats.Control Resistance
99,fighter,bear,mass,int,,Fighter Stats,P6,1,1,Источник Fighter Stats.Mass
100,fighter,bear,max_energy,int,,Fighter Stats,Q6,1,1,Источник Fighter Stats.Max Energy
101,fighter,bear,energy_regen,int,,Fighter Stats,R6,1,1,Источник Fighter Stats.Energy Regen / tick
102,fighter,bear,collision_radius,int,,Fighter Stats,S6,1,1,Источник Fighter Stats.Collision Radius
103,fighter,bear,start_resource,int,,Fighter Stats,T6,1,1,Источник Fighter Stats.Start Resource
104,fighter,bear,max_resource,int,,Fighter Stats,U6,1,1,Источник Fighter Stats.Max Resource
105,fighter,bear,stagger_threshold,int,,Fighter Stats,V6,1,1,Источник Fighter Stats.Stagger Threshold
106,fighter,kangaroo,animal_id,string,,Fighter Stats,A7,1,1,Источник Fighter Stats.Animal ID
107,fighter,kangaroo,resource_id,string,,Fighter Stats,C7,1,1,Источник Fighter Stats.Resource ID
108,fighter,kangaroo,max_health,int,,Fighter Stats,D7,1,1,Источник Fighter Stats.Max Health
109,fighter,kangaroo,power,int,,Fighter Stats,E7,1,1,Источник Fighter Stats.Power
110,fighter,kangaroo,armor,int,,Fighter Stats,F7,1,1,Источник Fighter Stats.Armor
111,fighter,kangaroo,precision,int,,Fighter Stats,G7,1,1,Источник Fighter Stats.Precision
112,fighter,kangaroo,evasion,int,,Fighter Stats,H7,1,1,Источник Fighter Stats.Evasion
113,fighter,kangaroo,guard,int,,Fighter Stats,I7,1,1,Источник Fighter Stats.Guard
114,fighter,kangaroo,guard_break,int,,Fighter Stats,J7,1,1,Источник Fighter Stats.Guard Break
115,fighter,kangaroo,move_speed,int,,Fighter Stats,K7,1,1,Источник Fighter Stats.Move Speed
116,fighter,kangaroo,action_speed,int,,Fighter Stats,L7,1,1,Источник Fighter Stats.Action Speed
117,fighter,kangaroo,initiative,int,,Fighter Stats,M7,1,1,Источник Fighter Stats.Initiative
118,fighter,kangaroo,control_power,int,,Fighter Stats,N7,1,1,Источник Fighter Stats.Control Power
119,fighter,kangaroo,control_resistance,int,,Fighter Stats,O7,1,1,Источник Fighter Stats.Control Resistance
120,fighter,kangaroo,mass,int,,Fighter Stats,P7,1,1,Источник Fighter Stats.Mass
121,fighter,kangaroo,max_energy,int,,Fighter Stats,Q7,1,1,Источник Fighter Stats.Max Energy
122,fighter,kangaroo,energy_regen,int,,Fighter Stats,R7,1,1,Источник Fighter Stats.Energy Regen / tick
123,fighter,kangaroo,collision_radius,int,,Fighter Stats,S7,1,1,Источник Fighter Stats.Collision Radius
124,fighter,kangaroo,start_resource,int,,Fighter Stats,T7,1,1,Источник Fighter Stats.Start Resource
125,fighter,kangaroo,max_resource,int,,Fighter Stats,U7,1,1,Источник Fighter Stats.Max Resource
126,fighter,kangaroo,stagger_threshold,int,,Fighter Stats,V7,1,1,Источник Fighter Stats.Stagger Threshold
127,fighter,gorilla,animal_id,string,,Fighter Stats,A8,1,1,Источник Fighter Stats.Animal ID
128,fighter,gorilla,resource_id,string,,Fighter Stats,C8,1,1,Источник Fighter Stats.Resource ID
129,fighter,gorilla,max_health,int,,Fighter Stats,D8,1,1,Источник Fighter Stats.Max Health
130,fighter,gorilla,power,int,,Fighter Stats,E8,1,1,Источник Fighter Stats.Power
131,fighter,gorilla,armor,int,,Fighter Stats,F8,1,1,Источник Fighter Stats.Armor
132,fighter,gorilla,precision,int,,Fighter Stats,G8,1,1,Источник Fighter Stats.Precision
133,fighter,gorilla,evasion,int,,Fighter Stats,H8,1,1,Источник Fighter Stats.Evasion
134,fighter,gorilla,guard,int,,Fighter Stats,I8,1,1,Источник Fighter Stats.Guard
135,fighter,gorilla,guard_break,int,,Fighter Stats,J8,1,1,Источник Fighter Stats.Guard Break
136,fighter,gorilla,move_speed,int,,Fighter Stats,K8,1,1,Источник Fighter Stats.Move Speed
137,fighter,gorilla,action_speed,int,,Fighter Stats,L8,1,1,Источник Fighter Stats.Action Speed
138,fighter,gorilla,initiative,int,,Fighter Stats,M8,1,1,Источник Fighter Stats.Initiative
139,fighter,gorilla,control_power,int,,Fighter Stats,N8,1,1,Источник Fighter Stats.Control Power
140,fighter,gorilla,control_resistance,int,,Fighter Stats,O8,1,1,Источник Fighter Stats.Control Resistance
141,fighter,gorilla,mass,int,,Fighter Stats,P8,1,1,Источник Fighter Stats.Mass
142,fighter,gorilla,max_energy,int,,Fighter Stats,Q8,1,1,Источник Fighter Stats.Max Energy
143,fighter,gorilla,energy_regen,int,,Fighter Stats,R8,1,1,Источник Fighter Stats.Energy Regen / tick
144,fighter,gorilla,collision_radius,int,,Fighter Stats,S8,1,1,Источник Fighter Stats.Collision Radius
145,fighter,gorilla,start_resource,int,,Fighter Stats,T8,1,1,Источник Fighter Stats.Start Resource
146,fighter,gorilla,max_resource,int,,Fighter Stats,U8,1,1,Источник Fighter Stats.Max Resource
147,fighter,gorilla,stagger_threshold,int,,Fighter Stats,V8,1,1,Источник Fighter Stats.Stagger Threshold
148,action,sys_approach,action_id,string,,Actions,A6,1,1,Источник Actions.Action ID
149,action,sys_approach,animal_id,string,,Actions,B6,1,1,Источник Actions.Animal ID
150,action,sys_approach,slot_type,string,,Actions,D6,1,1,Источник Actions.Slot Type
151,action,sys_approach,category,string,,Actions,E6,1,1,Источник Actions.Category
152,action,sys_approach,tags,string,,Actions,F6,1,1,Источник Actions.Tags
153,action,sys_approach,base_weight,int,,Actions,G6,1,1,Источник Actions.Base Weight
154,action,sys_approach,preferred_range_min,int,,Actions,H6,1,1,Источник Actions.Preferred Range Min
155,action,sys_approach,preferred_range_max,int,,Actions,I6,1,1,Источник Actions.Preferred Range Max
156,action,sys_approach,hit_range_min,int,,Actions,J6,1,1,Источник Actions.Hit Range Min
157,action,sys_approach,hit_range_max,int,,Actions,K6,1,1,Источник Actions.Hit Range Max
158,action,sys_approach,energy_cost,int,,Actions,L6,1,1,Источник Actions.Energy Cost
159,action,sys_approach,resource_cost,int,,Actions,M6,1,1,Источник Actions.Resource Cost
160,action,sys_approach,base_damage,int,,Actions,N6,1,1,Источник Actions.Base Damage / hit
161,action,sys_approach,power_ratio_fp,int,,Actions,O6,1,1,Источник Actions.Power Ratio FP
162,action,sys_approach,min_damage,int,,Actions,P6,1,1,Источник Actions.Min Damage
163,action,sys_approach,chip_min,int,,Actions,Q6,1,1,Источник Actions.Chip Min
164,action,sys_approach,startup_base_ticks,int,,Actions,R6,1,1,Источник Actions.Startup Base Ticks
165,action,sys_approach,startup_min_ticks,int,,Actions,S6,1,1,Источник Actions.Startup Min Ticks
166,action,sys_approach,startup_max_ticks,int,,Actions,T6,1,1,Источник Actions.Startup Max Ticks
167,action,sys_approach,active_ticks,int,,Actions,U6,1,1,Источник Actions.Active Ticks
168,action,sys_approach,hit_schedule,string,,Actions,V6,1,1,Источник Actions.Hit Schedule
169,action,sys_approach,hit_count,int,,Actions,W6,1,1,Источник Actions.Hit Count
170,action,sys_approach,recovery_base_ticks,int,,Actions,X6,1,1,Источник Actions.Recovery Base Ticks
171,action,sys_approach,recovery_min_ticks,int,,Actions,Y6,1,1,Источник Actions.Recovery Min Ticks
172,action,sys_approach,recovery_max_ticks,int,,Actions,Z6,1,1,Источник Actions.Recovery Max Ticks
173,action,sys_approach,cooldown_ticks,int,,Actions,AA6,1,1,Источник Actions.Cooldown Ticks
174,action,sys_approach,action_priority,int,,Actions,AB6,1,1,Источник Actions.Action Priority
175,action,sys_approach,clash_priority,int,,Actions,AC6,1,1,Источник Actions.Clash Priority
176,action,sys_approach,grab_priority,int,,Actions,AD6,1,1,Источник Actions.Grab Priority
177,action,sys_approach,resolution_priority,int,,Actions,AE6,1,1,Источник Actions.Resolution Priority
178,action,sys_approach,interrupt_profile,string,,Actions,AF6,1,1,Источник Actions.Interrupt Profile
179,action,sys_approach,blockable,bool,,Actions,AG6,1,1,Источник Actions.Blockable
180,action,sys_approach,dodgeable,bool,,Actions,AH6,1,1,Источник Actions.Dodgeable
181,action,sys_approach,undodgeable,bool,,Actions,AI6,1,1,Источник Actions.Undodgeable
182,action,sys_approach,wall_impact,bool,,Actions,AJ6,1,1,Источник Actions.Wall Impact
183,action,sys_approach,track_target,bool,,Actions,AK6,1,1,Источник Actions.Track Target
184,action,sys_approach,block_base_chance_fp,int,,Actions,AL6,1,1,Источник Actions.Block Base Chance FP
185,action,sys_approach,block_reduction_fp,int,,Actions,AM6,1,1,Источник Actions.Block Reduction FP
186,action,sys_approach,dodge_base_chance_fp,int,,Actions,AN6,1,1,Источник Actions.Dodge Base Chance FP
187,action,sys_approach,movement_mode,string,,Actions,AO6,1,1,Источник Actions.Movement Mode
188,action,sys_approach,move_distance,int,,Actions,AP6,1,1,Источник Actions.Move Distance
189,action,sys_approach,base_stagger,int,,Actions,AQ6,1,1,Источник Actions.Base Stagger
190,action,sys_approach,base_stun_ticks,int,,Actions,AR6,1,1,Источник Actions.Base Stun Ticks
191,action,sys_approach,base_knockback,int,,Actions,AS6,1,1,Источник Actions.Base Knockback
192,action,sys_approach,knockback_min,int,,Actions,AT6,1,1,Источник Actions.Knockback Min
193,action,sys_approach,knockback_max,int,,Actions,AU6,1,1,Источник Actions.Knockback Max
194,action,sys_approach,wall_damage_per_unit_fp,int,,Actions,AV6,1,1,Источник Actions.Wall Damage / Unit FP
195,action,sys_approach,wall_damage_min,int,,Actions,AW6,1,1,Источник Actions.Wall Damage Min
196,action,sys_approach,wall_damage_max,int,,Actions,AX6,1,1,Источник Actions.Wall Damage Max
197,action,sys_approach,max_consecutive_uses,int,,Actions,AY6,1,1,Источник Actions.Max Consecutive Uses
198,action,sys_approach,opportunity_cap_fp,int,,Actions,AZ6,1,1,Источник Actions.Opportunity Cap FP
199,action,sys_approach,hard_opportunity_misses,int,,Actions,BA6,1,1,Источник Actions.Hard Opportunity Misses
200,action,sys_retreat,action_id,string,,Actions,A7,1,1,Источник Actions.Action ID
201,action,sys_retreat,animal_id,string,,Actions,B7,1,1,Источник Actions.Animal ID
202,action,sys_retreat,slot_type,string,,Actions,D7,1,1,Источник Actions.Slot Type
203,action,sys_retreat,category,string,,Actions,E7,1,1,Источник Actions.Category
204,action,sys_retreat,tags,string,,Actions,F7,1,1,Источник Actions.Tags
205,action,sys_retreat,base_weight,int,,Actions,G7,1,1,Источник Actions.Base Weight
206,action,sys_retreat,preferred_range_min,int,,Actions,H7,1,1,Источник Actions.Preferred Range Min
207,action,sys_retreat,preferred_range_max,int,,Actions,I7,1,1,Источник Actions.Preferred Range Max
208,action,sys_retreat,hit_range_min,int,,Actions,J7,1,1,Источник Actions.Hit Range Min
209,action,sys_retreat,hit_range_max,int,,Actions,K7,1,1,Источник Actions.Hit Range Max
210,action,sys_retreat,energy_cost,int,,Actions,L7,1,1,Источник Actions.Energy Cost
211,action,sys_retreat,resource_cost,int,,Actions,M7,1,1,Источник Actions.Resource Cost
212,action,sys_retreat,base_damage,int,,Actions,N7,1,1,Источник Actions.Base Damage / hit
213,action,sys_retreat,power_ratio_fp,int,,Actions,O7,1,1,Источник Actions.Power Ratio FP
214,action,sys_retreat,min_damage,int,,Actions,P7,1,1,Источник Actions.Min Damage
215,action,sys_retreat,chip_min,int,,Actions,Q7,1,1,Источник Actions.Chip Min
216,action,sys_retreat,startup_base_ticks,int,,Actions,R7,1,1,Источник Actions.Startup Base Ticks
217,action,sys_retreat,startup_min_ticks,int,,Actions,S7,1,1,Источник Actions.Startup Min Ticks
218,action,sys_retreat,startup_max_ticks,int,,Actions,T7,1,1,Источник Actions.Startup Max Ticks
219,action,sys_retreat,active_ticks,int,,Actions,U7,1,1,Источник Actions.Active Ticks
220,action,sys_retreat,hit_schedule,string,,Actions,V7,1,1,Источник Actions.Hit Schedule
221,action,sys_retreat,hit_count,int,,Actions,W7,1,1,Источник Actions.Hit Count
222,action,sys_retreat,recovery_base_ticks,int,,Actions,X7,1,1,Источник Actions.Recovery Base Ticks
223,action,sys_retreat,recovery_min_ticks,int,,Actions,Y7,1,1,Источник Actions.Recovery Min Ticks
224,action,sys_retreat,recovery_max_ticks,int,,Actions,Z7,1,1,Источник Actions.Recovery Max Ticks
225,action,sys_retreat,cooldown_ticks,int,,Actions,AA7,1,1,Источник Actions.Cooldown Ticks
226,action,sys_retreat,action_priority,int,,Actions,AB7,1,1,Источник Actions.Action Priority
227,action,sys_retreat,clash_priority,int,,Actions,AC7,1,1,Источник Actions.Clash Priority
228,action,sys_retreat,grab_priority,int,,Actions,AD7,1,1,Источник Actions.Grab Priority
229,action,sys_retreat,resolution_priority,int,,Actions,AE7,1,1,Источник Actions.Resolution Priority
230,action,sys_retreat,interrupt_profile,string,,Actions,AF7,1,1,Источник Actions.Interrupt Profile
231,action,sys_retreat,blockable,bool,,Actions,AG7,1,1,Источник Actions.Blockable
232,action,sys_retreat,dodgeable,bool,,Actions,AH7,1,1,Источник Actions.Dodgeable
233,action,sys_retreat,undodgeable,bool,,Actions,AI7,1,1,Источник Actions.Undodgeable
234,action,sys_retreat,wall_impact,bool,,Actions,AJ7,1,1,Источник Actions.Wall Impact
235,action,sys_retreat,track_target,bool,,Actions,AK7,1,1,Источник Actions.Track Target
236,action,sys_retreat,block_base_chance_fp,int,,Actions,AL7,1,1,Источник Actions.Block Base Chance FP
237,action,sys_retreat,block_reduction_fp,int,,Actions,AM7,1,1,Источник Actions.Block Reduction FP
238,action,sys_retreat,dodge_base_chance_fp,int,,Actions,AN7,1,1,Источник Actions.Dodge Base Chance FP
239,action,sys_retreat,movement_mode,string,,Actions,AO7,1,1,Источник Actions.Movement Mode
240,action,sys_retreat,move_distance,int,,Actions,AP7,1,1,Источник Actions.Move Distance
241,action,sys_retreat,base_stagger,int,,Actions,AQ7,1,1,Источник Actions.Base Stagger
242,action,sys_retreat,base_stun_ticks,int,,Actions,AR7,1,1,Источник Actions.Base Stun Ticks
243,action,sys_retreat,base_knockback,int,,Actions,AS7,1,1,Источник Actions.Base Knockback
244,action,sys_retreat,knockback_min,int,,Actions,AT7,1,1,Источник Actions.Knockback Min
245,action,sys_retreat,knockback_max,int,,Actions,AU7,1,1,Источник Actions.Knockback Max
246,action,sys_retreat,wall_damage_per_unit_fp,int,,Actions,AV7,1,1,Источник Actions.Wall Damage / Unit FP
247,action,sys_retreat,wall_damage_min,int,,Actions,AW7,1,1,Источник Actions.Wall Damage Min
248,action,sys_retreat,wall_damage_max,int,,Actions,AX7,1,1,Источник Actions.Wall Damage Max
249,action,sys_retreat,max_consecutive_uses,int,,Actions,AY7,1,1,Источник Actions.Max Consecutive Uses
250,action,sys_retreat,opportunity_cap_fp,int,,Actions,AZ7,1,1,Источник Actions.Opportunity Cap FP
251,action,sys_retreat,hard_opportunity_misses,int,,Actions,BA7,1,1,Источник Actions.Hard Opportunity Misses
252,action,sys_wait,action_id,string,,Actions,A8,1,1,Источник Actions.Action ID
253,action,sys_wait,animal_id,string,,Actions,B8,1,1,Источник Actions.Animal ID
254,action,sys_wait,slot_type,string,,Actions,D8,1,1,Источник Actions.Slot Type
255,action,sys_wait,category,string,,Actions,E8,1,1,Источник Actions.Category
256,action,sys_wait,tags,string,,Actions,F8,1,1,Источник Actions.Tags
257,action,sys_wait,base_weight,int,,Actions,G8,1,1,Источник Actions.Base Weight
258,action,sys_wait,preferred_range_min,int,,Actions,H8,1,1,Источник Actions.Preferred Range Min
259,action,sys_wait,preferred_range_max,int,,Actions,I8,1,1,Источник Actions.Preferred Range Max
260,action,sys_wait,hit_range_min,int,,Actions,J8,1,1,Источник Actions.Hit Range Min
261,action,sys_wait,hit_range_max,int,,Actions,K8,1,1,Источник Actions.Hit Range Max
262,action,sys_wait,energy_cost,int,,Actions,L8,1,1,Источник Actions.Energy Cost
263,action,sys_wait,resource_cost,int,,Actions,M8,1,1,Источник Actions.Resource Cost
264,action,sys_wait,base_damage,int,,Actions,N8,1,1,Источник Actions.Base Damage / hit
265,action,sys_wait,power_ratio_fp,int,,Actions,O8,1,1,Источник Actions.Power Ratio FP
266,action,sys_wait,min_damage,int,,Actions,P8,1,1,Источник Actions.Min Damage
267,action,sys_wait,chip_min,int,,Actions,Q8,1,1,Источник Actions.Chip Min
268,action,sys_wait,startup_base_ticks,int,,Actions,R8,1,1,Источник Actions.Startup Base Ticks
269,action,sys_wait,startup_min_ticks,int,,Actions,S8,1,1,Источник Actions.Startup Min Ticks
270,action,sys_wait,startup_max_ticks,int,,Actions,T8,1,1,Источник Actions.Startup Max Ticks
271,action,sys_wait,active_ticks,int,,Actions,U8,1,1,Источник Actions.Active Ticks
272,action,sys_wait,hit_schedule,string,,Actions,V8,1,1,Источник Actions.Hit Schedule
273,action,sys_wait,hit_count,int,,Actions,W8,1,1,Источник Actions.Hit Count
274,action,sys_wait,recovery_base_ticks,int,,Actions,X8,1,1,Источник Actions.Recovery Base Ticks
275,action,sys_wait,recovery_min_ticks,int,,Actions,Y8,1,1,Источник Actions.Recovery Min Ticks
276,action,sys_wait,recovery_max_ticks,int,,Actions,Z8,1,1,Источник Actions.Recovery Max Ticks
277,action,sys_wait,cooldown_ticks,int,,Actions,AA8,1,1,Источник Actions.Cooldown Ticks
278,action,sys_wait,action_priority,int,,Actions,AB8,1,1,Источник Actions.Action Priority
279,action,sys_wait,clash_priority,int,,Actions,AC8,1,1,Источник Actions.Clash Priority
280,action,sys_wait,grab_priority,int,,Actions,AD8,1,1,Источник Actions.Grab Priority
281,action,sys_wait,resolution_priority,int,,Actions,AE8,1,1,Источник Actions.Resolution Priority
282,action,sys_wait,interrupt_profile,string,,Actions,AF8,1,1,Источник Actions.Interrupt Profile
283,action,sys_wait,blockable,bool,,Actions,AG8,1,1,Источник Actions.Blockable
284,action,sys_wait,dodgeable,bool,,Actions,AH8,1,1,Источник Actions.Dodgeable
285,action,sys_wait,undodgeable,bool,,Actions,AI8,1,1,Источник Actions.Undodgeable
286,action,sys_wait,wall_impact,bool,,Actions,AJ8,1,1,Источник Actions.Wall Impact
287,action,sys_wait,track_target,bool,,Actions,AK8,1,1,Источник Actions.Track Target
288,action,sys_wait,block_base_chance_fp,int,,Actions,AL8,1,1,Источник Actions.Block Base Chance FP
289,action,sys_wait,block_reduction_fp,int,,Actions,AM8,1,1,Источник Actions.Block Reduction FP
290,action,sys_wait,dodge_base_chance_fp,int,,Actions,AN8,1,1,Источник Actions.Dodge Base Chance FP
291,action,sys_wait,movement_mode,string,,Actions,AO8,1,1,Источник Actions.Movement Mode
292,action,sys_wait,move_distance,int,,Actions,AP8,1,1,Источник Actions.Move Distance
293,action,sys_wait,base_stagger,int,,Actions,AQ8,1,1,Источник Actions.Base Stagger
294,action,sys_wait,base_stun_ticks,int,,Actions,AR8,1,1,Источник Actions.Base Stun Ticks
295,action,sys_wait,base_knockback,int,,Actions,AS8,1,1,Источник Actions.Base Knockback
296,action,sys_wait,knockback_min,int,,Actions,AT8,1,1,Источник Actions.Knockback Min
297,action,sys_wait,knockback_max,int,,Actions,AU8,1,1,Источник Actions.Knockback Max
298,action,sys_wait,wall_damage_per_unit_fp,int,,Actions,AV8,1,1,Источник Actions.Wall Damage / Unit FP
299,action,sys_wait,wall_damage_min,int,,Actions,AW8,1,1,Источник Actions.Wall Damage Min
300,action,sys_wait,wall_damage_max,int,,Actions,AX8,1,1,Источник Actions.Wall Damage Max
301,action,sys_wait,max_consecutive_uses,int,,Actions,AY8,1,1,Источник Actions.Max Consecutive Uses
302,action,sys_wait,opportunity_cap_fp,int,,Actions,AZ8,1,1,Источник Actions.Opportunity Cap FP
303,action,sys_wait,hard_opportunity_misses,int,,Actions,BA8,1,1,Источник Actions.Hard Opportunity Misses
304,action,bear_paw_jab,action_id,string,,Actions,A9,1,1,Источник Actions.Action ID
305,action,bear_paw_jab,animal_id,string,,Actions,B9,1,1,Источник Actions.Animal ID
306,action,bear_paw_jab,slot_type,string,,Actions,D9,1,1,Источник Actions.Slot Type
307,action,bear_paw_jab,category,string,,Actions,E9,1,1,Источник Actions.Category
308,action,bear_paw_jab,tags,string,,Actions,F9,1,1,Источник Actions.Tags
309,action,bear_paw_jab,base_weight,int,,Actions,G9,1,1,Источник Actions.Base Weight
310,action,bear_paw_jab,preferred_range_min,int,,Actions,H9,1,1,Источник Actions.Preferred Range Min
311,action,bear_paw_jab,preferred_range_max,int,,Actions,I9,1,1,Источник Actions.Preferred Range Max
312,action,bear_paw_jab,hit_range_min,int,,Actions,J9,1,1,Источник Actions.Hit Range Min
313,action,bear_paw_jab,hit_range_max,int,,Actions,K9,1,1,Источник Actions.Hit Range Max
314,action,bear_paw_jab,energy_cost,int,,Actions,L9,1,1,Источник Actions.Energy Cost
315,action,bear_paw_jab,resource_cost,int,,Actions,M9,1,1,Источник Actions.Resource Cost
316,action,bear_paw_jab,base_damage,int,,Actions,N9,1,1,Источник Actions.Base Damage / hit
317,action,bear_paw_jab,power_ratio_fp,int,,Actions,O9,1,1,Источник Actions.Power Ratio FP
318,action,bear_paw_jab,min_damage,int,,Actions,P9,1,1,Источник Actions.Min Damage
319,action,bear_paw_jab,chip_min,int,,Actions,Q9,1,1,Источник Actions.Chip Min
320,action,bear_paw_jab,startup_base_ticks,int,,Actions,R9,1,1,Источник Actions.Startup Base Ticks
321,action,bear_paw_jab,startup_min_ticks,int,,Actions,S9,1,1,Источник Actions.Startup Min Ticks
322,action,bear_paw_jab,startup_max_ticks,int,,Actions,T9,1,1,Источник Actions.Startup Max Ticks
323,action,bear_paw_jab,active_ticks,int,,Actions,U9,1,1,Источник Actions.Active Ticks
324,action,bear_paw_jab,hit_schedule,string,,Actions,V9,1,1,Источник Actions.Hit Schedule
325,action,bear_paw_jab,hit_count,int,,Actions,W9,1,1,Источник Actions.Hit Count
326,action,bear_paw_jab,recovery_base_ticks,int,,Actions,X9,1,1,Источник Actions.Recovery Base Ticks
327,action,bear_paw_jab,recovery_min_ticks,int,,Actions,Y9,1,1,Источник Actions.Recovery Min Ticks
328,action,bear_paw_jab,recovery_max_ticks,int,,Actions,Z9,1,1,Источник Actions.Recovery Max Ticks
329,action,bear_paw_jab,cooldown_ticks,int,,Actions,AA9,1,1,Источник Actions.Cooldown Ticks
330,action,bear_paw_jab,action_priority,int,,Actions,AB9,1,1,Источник Actions.Action Priority
331,action,bear_paw_jab,clash_priority,int,,Actions,AC9,1,1,Источник Actions.Clash Priority
332,action,bear_paw_jab,grab_priority,int,,Actions,AD9,1,1,Источник Actions.Grab Priority
333,action,bear_paw_jab,resolution_priority,int,,Actions,AE9,1,1,Источник Actions.Resolution Priority
334,action,bear_paw_jab,interrupt_profile,string,,Actions,AF9,1,1,Источник Actions.Interrupt Profile
335,action,bear_paw_jab,blockable,bool,,Actions,AG9,1,1,Источник Actions.Blockable
336,action,bear_paw_jab,dodgeable,bool,,Actions,AH9,1,1,Источник Actions.Dodgeable
337,action,bear_paw_jab,undodgeable,bool,,Actions,AI9,1,1,Источник Actions.Undodgeable
338,action,bear_paw_jab,wall_impact,bool,,Actions,AJ9,1,1,Источник Actions.Wall Impact
339,action,bear_paw_jab,track_target,bool,,Actions,AK9,1,1,Источник Actions.Track Target
340,action,bear_paw_jab,block_base_chance_fp,int,,Actions,AL9,1,1,Источник Actions.Block Base Chance FP
341,action,bear_paw_jab,block_reduction_fp,int,,Actions,AM9,1,1,Источник Actions.Block Reduction FP
342,action,bear_paw_jab,dodge_base_chance_fp,int,,Actions,AN9,1,1,Источник Actions.Dodge Base Chance FP
343,action,bear_paw_jab,movement_mode,string,,Actions,AO9,1,1,Источник Actions.Movement Mode
344,action,bear_paw_jab,move_distance,int,,Actions,AP9,1,1,Источник Actions.Move Distance
345,action,bear_paw_jab,base_stagger,int,,Actions,AQ9,1,1,Источник Actions.Base Stagger
346,action,bear_paw_jab,base_stun_ticks,int,,Actions,AR9,1,1,Источник Actions.Base Stun Ticks
347,action,bear_paw_jab,base_knockback,int,,Actions,AS9,1,1,Источник Actions.Base Knockback
348,action,bear_paw_jab,knockback_min,int,,Actions,AT9,1,1,Источник Actions.Knockback Min
349,action,bear_paw_jab,knockback_max,int,,Actions,AU9,1,1,Источник Actions.Knockback Max
350,action,bear_paw_jab,wall_damage_per_unit_fp,int,,Actions,AV9,1,1,Источник Actions.Wall Damage / Unit FP
351,action,bear_paw_jab,wall_damage_min,int,,Actions,AW9,1,1,Источник Actions.Wall Damage Min
352,action,bear_paw_jab,wall_damage_max,int,,Actions,AX9,1,1,Источник Actions.Wall Damage Max
353,action,bear_paw_jab,max_consecutive_uses,int,,Actions,AY9,1,1,Источник Actions.Max Consecutive Uses
354,action,bear_paw_jab,opportunity_cap_fp,int,,Actions,AZ9,1,1,Источник Actions.Opportunity Cap FP
355,action,bear_paw_jab,hard_opportunity_misses,int,,Actions,BA9,1,1,Источник Actions.Hard Opportunity Misses
356,action,bear_crushing_swipe,action_id,string,,Actions,A10,1,1,Источник Actions.Action ID
357,action,bear_crushing_swipe,animal_id,string,,Actions,B10,1,1,Источник Actions.Animal ID
358,action,bear_crushing_swipe,slot_type,string,,Actions,D10,1,1,Источник Actions.Slot Type
359,action,bear_crushing_swipe,category,string,,Actions,E10,1,1,Источник Actions.Category
360,action,bear_crushing_swipe,tags,string,,Actions,F10,1,1,Источник Actions.Tags
361,action,bear_crushing_swipe,base_weight,int,,Actions,G10,1,1,Источник Actions.Base Weight
362,action,bear_crushing_swipe,preferred_range_min,int,,Actions,H10,1,1,Источник Actions.Preferred Range Min
363,action,bear_crushing_swipe,preferred_range_max,int,,Actions,I10,1,1,Источник Actions.Preferred Range Max
364,action,bear_crushing_swipe,hit_range_min,int,,Actions,J10,1,1,Источник Actions.Hit Range Min
365,action,bear_crushing_swipe,hit_range_max,int,,Actions,K10,1,1,Источник Actions.Hit Range Max
366,action,bear_crushing_swipe,energy_cost,int,,Actions,L10,1,1,Источник Actions.Energy Cost
367,action,bear_crushing_swipe,resource_cost,int,,Actions,M10,1,1,Источник Actions.Resource Cost
368,action,bear_crushing_swipe,base_damage,int,,Actions,N10,1,1,Источник Actions.Base Damage / hit
369,action,bear_crushing_swipe,power_ratio_fp,int,,Actions,O10,1,1,Источник Actions.Power Ratio FP
370,action,bear_crushing_swipe,min_damage,int,,Actions,P10,1,1,Источник Actions.Min Damage
371,action,bear_crushing_swipe,chip_min,int,,Actions,Q10,1,1,Источник Actions.Chip Min
372,action,bear_crushing_swipe,startup_base_ticks,int,,Actions,R10,1,1,Источник Actions.Startup Base Ticks
373,action,bear_crushing_swipe,startup_min_ticks,int,,Actions,S10,1,1,Источник Actions.Startup Min Ticks
374,action,bear_crushing_swipe,startup_max_ticks,int,,Actions,T10,1,1,Источник Actions.Startup Max Ticks
375,action,bear_crushing_swipe,active_ticks,int,,Actions,U10,1,1,Источник Actions.Active Ticks
376,action,bear_crushing_swipe,hit_schedule,string,,Actions,V10,1,1,Источник Actions.Hit Schedule
377,action,bear_crushing_swipe,hit_count,int,,Actions,W10,1,1,Источник Actions.Hit Count
378,action,bear_crushing_swipe,recovery_base_ticks,int,,Actions,X10,1,1,Источник Actions.Recovery Base Ticks
379,action,bear_crushing_swipe,recovery_min_ticks,int,,Actions,Y10,1,1,Источник Actions.Recovery Min Ticks
380,action,bear_crushing_swipe,recovery_max_ticks,int,,Actions,Z10,1,1,Источник Actions.Recovery Max Ticks
381,action,bear_crushing_swipe,cooldown_ticks,int,,Actions,AA10,1,1,Источник Actions.Cooldown Ticks
382,action,bear_crushing_swipe,action_priority,int,,Actions,AB10,1,1,Источник Actions.Action Priority
383,action,bear_crushing_swipe,clash_priority,int,,Actions,AC10,1,1,Источник Actions.Clash Priority
384,action,bear_crushing_swipe,grab_priority,int,,Actions,AD10,1,1,Источник Actions.Grab Priority
385,action,bear_crushing_swipe,resolution_priority,int,,Actions,AE10,1,1,Источник Actions.Resolution Priority
386,action,bear_crushing_swipe,interrupt_profile,string,,Actions,AF10,1,1,Источник Actions.Interrupt Profile
387,action,bear_crushing_swipe,blockable,bool,,Actions,AG10,1,1,Источник Actions.Blockable
388,action,bear_crushing_swipe,dodgeable,bool,,Actions,AH10,1,1,Источник Actions.Dodgeable
389,action,bear_crushing_swipe,undodgeable,bool,,Actions,AI10,1,1,Источник Actions.Undodgeable
390,action,bear_crushing_swipe,wall_impact,bool,,Actions,AJ10,1,1,Источник Actions.Wall Impact
391,action,bear_crushing_swipe,track_target,bool,,Actions,AK10,1,1,Источник Actions.Track Target
392,action,bear_crushing_swipe,block_base_chance_fp,int,,Actions,AL10,1,1,Источник Actions.Block Base Chance FP
393,action,bear_crushing_swipe,block_reduction_fp,int,,Actions,AM10,1,1,Источник Actions.Block Reduction FP
394,action,bear_crushing_swipe,dodge_base_chance_fp,int,,Actions,AN10,1,1,Источник Actions.Dodge Base Chance FP
395,action,bear_crushing_swipe,movement_mode,string,,Actions,AO10,1,1,Источник Actions.Movement Mode
396,action,bear_crushing_swipe,move_distance,int,,Actions,AP10,1,1,Источник Actions.Move Distance
397,action,bear_crushing_swipe,base_stagger,int,,Actions,AQ10,1,1,Источник Actions.Base Stagger
398,action,bear_crushing_swipe,base_stun_ticks,int,,Actions,AR10,1,1,Источник Actions.Base Stun Ticks
399,action,bear_crushing_swipe,base_knockback,int,,Actions,AS10,1,1,Источник Actions.Base Knockback
400,action,bear_crushing_swipe,knockback_min,int,,Actions,AT10,1,1,Источник Actions.Knockback Min
401,action,bear_crushing_swipe,knockback_max,int,,Actions,AU10,1,1,Источник Actions.Knockback Max
402,action,bear_crushing_swipe,wall_damage_per_unit_fp,int,,Actions,AV10,1,1,Источник Actions.Wall Damage / Unit FP
403,action,bear_crushing_swipe,wall_damage_min,int,,Actions,AW10,1,1,Источник Actions.Wall Damage Min
404,action,bear_crushing_swipe,wall_damage_max,int,,Actions,AX10,1,1,Источник Actions.Wall Damage Max
405,action,bear_crushing_swipe,max_consecutive_uses,int,,Actions,AY10,1,1,Источник Actions.Max Consecutive Uses
406,action,bear_crushing_swipe,opportunity_cap_fp,int,,Actions,AZ10,1,1,Источник Actions.Opportunity Cap FP
407,action,bear_crushing_swipe,hard_opportunity_misses,int,,Actions,BA10,1,1,Источник Actions.Hard Opportunity Misses
408,action,bear_guarded_advance,action_id,string,,Actions,A11,1,1,Источник Actions.Action ID
409,action,bear_guarded_advance,animal_id,string,,Actions,B11,1,1,Источник Actions.Animal ID
410,action,bear_guarded_advance,slot_type,string,,Actions,D11,1,1,Источник Actions.Slot Type
411,action,bear_guarded_advance,category,string,,Actions,E11,1,1,Источник Actions.Category
412,action,bear_guarded_advance,tags,string,,Actions,F11,1,1,Источник Actions.Tags
413,action,bear_guarded_advance,base_weight,int,,Actions,G11,1,1,Источник Actions.Base Weight
414,action,bear_guarded_advance,preferred_range_min,int,,Actions,H11,1,1,Источник Actions.Preferred Range Min
415,action,bear_guarded_advance,preferred_range_max,int,,Actions,I11,1,1,Источник Actions.Preferred Range Max
416,action,bear_guarded_advance,hit_range_min,int,,Actions,J11,1,1,Источник Actions.Hit Range Min
417,action,bear_guarded_advance,hit_range_max,int,,Actions,K11,1,1,Источник Actions.Hit Range Max
418,action,bear_guarded_advance,energy_cost,int,,Actions,L11,1,1,Источник Actions.Energy Cost
419,action,bear_guarded_advance,resource_cost,int,,Actions,M11,1,1,Источник Actions.Resource Cost
420,action,bear_guarded_advance,base_damage,int,,Actions,N11,1,1,Источник Actions.Base Damage / hit
421,action,bear_guarded_advance,power_ratio_fp,int,,Actions,O11,1,1,Источник Actions.Power Ratio FP
422,action,bear_guarded_advance,min_damage,int,,Actions,P11,1,1,Источник Actions.Min Damage
423,action,bear_guarded_advance,chip_min,int,,Actions,Q11,1,1,Источник Actions.Chip Min
424,action,bear_guarded_advance,startup_base_ticks,int,,Actions,R11,1,1,Источник Actions.Startup Base Ticks
425,action,bear_guarded_advance,startup_min_ticks,int,,Actions,S11,1,1,Источник Actions.Startup Min Ticks
426,action,bear_guarded_advance,startup_max_ticks,int,,Actions,T11,1,1,Источник Actions.Startup Max Ticks
427,action,bear_guarded_advance,active_ticks,int,,Actions,U11,1,1,Источник Actions.Active Ticks
428,action,bear_guarded_advance,hit_schedule,string,,Actions,V11,1,1,Источник Actions.Hit Schedule
429,action,bear_guarded_advance,hit_count,int,,Actions,W11,1,1,Источник Actions.Hit Count
430,action,bear_guarded_advance,recovery_base_ticks,int,,Actions,X11,1,1,Источник Actions.Recovery Base Ticks
431,action,bear_guarded_advance,recovery_min_ticks,int,,Actions,Y11,1,1,Источник Actions.Recovery Min Ticks
432,action,bear_guarded_advance,recovery_max_ticks,int,,Actions,Z11,1,1,Источник Actions.Recovery Max Ticks
433,action,bear_guarded_advance,cooldown_ticks,int,,Actions,AA11,1,1,Источник Actions.Cooldown Ticks
434,action,bear_guarded_advance,action_priority,int,,Actions,AB11,1,1,Источник Actions.Action Priority
435,action,bear_guarded_advance,clash_priority,int,,Actions,AC11,1,1,Источник Actions.Clash Priority
436,action,bear_guarded_advance,grab_priority,int,,Actions,AD11,1,1,Источник Actions.Grab Priority
437,action,bear_guarded_advance,resolution_priority,int,,Actions,AE11,1,1,Источник Actions.Resolution Priority
438,action,bear_guarded_advance,interrupt_profile,string,,Actions,AF11,1,1,Источник Actions.Interrupt Profile
439,action,bear_guarded_advance,blockable,bool,,Actions,AG11,1,1,Источник Actions.Blockable
440,action,bear_guarded_advance,dodgeable,bool,,Actions,AH11,1,1,Источник Actions.Dodgeable
441,action,bear_guarded_advance,undodgeable,bool,,Actions,AI11,1,1,Источник Actions.Undodgeable
442,action,bear_guarded_advance,wall_impact,bool,,Actions,AJ11,1,1,Источник Actions.Wall Impact
443,action,bear_guarded_advance,track_target,bool,,Actions,AK11,1,1,Источник Actions.Track Target
444,action,bear_guarded_advance,block_base_chance_fp,int,,Actions,AL11,1,1,Источник Actions.Block Base Chance FP
445,action,bear_guarded_advance,block_reduction_fp,int,,Actions,AM11,1,1,Источник Actions.Block Reduction FP
446,action,bear_guarded_advance,dodge_base_chance_fp,int,,Actions,AN11,1,1,Источник Actions.Dodge Base Chance FP
447,action,bear_guarded_advance,movement_mode,string,,Actions,AO11,1,1,Источник Actions.Movement Mode
448,action,bear_guarded_advance,move_distance,int,,Actions,AP11,1,1,Источник Actions.Move Distance
449,action,bear_guarded_advance,base_stagger,int,,Actions,AQ11,1,1,Источник Actions.Base Stagger
450,action,bear_guarded_advance,base_stun_ticks,int,,Actions,AR11,1,1,Источник Actions.Base Stun Ticks
451,action,bear_guarded_advance,base_knockback,int,,Actions,AS11,1,1,Источник Actions.Base Knockback
452,action,bear_guarded_advance,knockback_min,int,,Actions,AT11,1,1,Источник Actions.Knockback Min
453,action,bear_guarded_advance,knockback_max,int,,Actions,AU11,1,1,Источник Actions.Knockback Max
454,action,bear_guarded_advance,wall_damage_per_unit_fp,int,,Actions,AV11,1,1,Источник Actions.Wall Damage / Unit FP
455,action,bear_guarded_advance,wall_damage_min,int,,Actions,AW11,1,1,Источник Actions.Wall Damage Min
456,action,bear_guarded_advance,wall_damage_max,int,,Actions,AX11,1,1,Источник Actions.Wall Damage Max
457,action,bear_guarded_advance,max_consecutive_uses,int,,Actions,AY11,1,1,Источник Actions.Max Consecutive Uses
458,action,bear_guarded_advance,opportunity_cap_fp,int,,Actions,AZ11,1,1,Источник Actions.Opportunity Cap FP
459,action,bear_guarded_advance,hard_opportunity_misses,int,,Actions,BA11,1,1,Источник Actions.Hard Opportunity Misses
460,action,bear_body_check,action_id,string,,Actions,A12,1,1,Источник Actions.Action ID
461,action,bear_body_check,animal_id,string,,Actions,B12,1,1,Источник Actions.Animal ID
462,action,bear_body_check,slot_type,string,,Actions,D12,1,1,Источник Actions.Slot Type
463,action,bear_body_check,category,string,,Actions,E12,1,1,Источник Actions.Category
464,action,bear_body_check,tags,string,,Actions,F12,1,1,Источник Actions.Tags
465,action,bear_body_check,base_weight,int,,Actions,G12,1,1,Источник Actions.Base Weight
466,action,bear_body_check,preferred_range_min,int,,Actions,H12,1,1,Источник Actions.Preferred Range Min
467,action,bear_body_check,preferred_range_max,int,,Actions,I12,1,1,Источник Actions.Preferred Range Max
468,action,bear_body_check,hit_range_min,int,,Actions,J12,1,1,Источник Actions.Hit Range Min
469,action,bear_body_check,hit_range_max,int,,Actions,K12,1,1,Источник Actions.Hit Range Max
470,action,bear_body_check,energy_cost,int,,Actions,L12,1,1,Источник Actions.Energy Cost
471,action,bear_body_check,resource_cost,int,,Actions,M12,1,1,Источник Actions.Resource Cost
472,action,bear_body_check,base_damage,int,,Actions,N12,1,1,Источник Actions.Base Damage / hit
473,action,bear_body_check,power_ratio_fp,int,,Actions,O12,1,1,Источник Actions.Power Ratio FP
474,action,bear_body_check,min_damage,int,,Actions,P12,1,1,Источник Actions.Min Damage
475,action,bear_body_check,chip_min,int,,Actions,Q12,1,1,Источник Actions.Chip Min
476,action,bear_body_check,startup_base_ticks,int,,Actions,R12,1,1,Источник Actions.Startup Base Ticks
477,action,bear_body_check,startup_min_ticks,int,,Actions,S12,1,1,Источник Actions.Startup Min Ticks
478,action,bear_body_check,startup_max_ticks,int,,Actions,T12,1,1,Источник Actions.Startup Max Ticks
479,action,bear_body_check,active_ticks,int,,Actions,U12,1,1,Источник Actions.Active Ticks
480,action,bear_body_check,hit_schedule,string,,Actions,V12,1,1,Источник Actions.Hit Schedule
481,action,bear_body_check,hit_count,int,,Actions,W12,1,1,Источник Actions.Hit Count
482,action,bear_body_check,recovery_base_ticks,int,,Actions,X12,1,1,Источник Actions.Recovery Base Ticks
483,action,bear_body_check,recovery_min_ticks,int,,Actions,Y12,1,1,Источник Actions.Recovery Min Ticks
484,action,bear_body_check,recovery_max_ticks,int,,Actions,Z12,1,1,Источник Actions.Recovery Max Ticks
485,action,bear_body_check,cooldown_ticks,int,,Actions,AA12,1,1,Источник Actions.Cooldown Ticks
486,action,bear_body_check,action_priority,int,,Actions,AB12,1,1,Источник Actions.Action Priority
487,action,bear_body_check,clash_priority,int,,Actions,AC12,1,1,Источник Actions.Clash Priority
488,action,bear_body_check,grab_priority,int,,Actions,AD12,1,1,Источник Actions.Grab Priority
489,action,bear_body_check,resolution_priority,int,,Actions,AE12,1,1,Источник Actions.Resolution Priority
490,action,bear_body_check,interrupt_profile,string,,Actions,AF12,1,1,Источник Actions.Interrupt Profile
491,action,bear_body_check,blockable,bool,,Actions,AG12,1,1,Источник Actions.Blockable
492,action,bear_body_check,dodgeable,bool,,Actions,AH12,1,1,Источник Actions.Dodgeable
493,action,bear_body_check,undodgeable,bool,,Actions,AI12,1,1,Источник Actions.Undodgeable
494,action,bear_body_check,wall_impact,bool,,Actions,AJ12,1,1,Источник Actions.Wall Impact
495,action,bear_body_check,track_target,bool,,Actions,AK12,1,1,Источник Actions.Track Target
496,action,bear_body_check,block_base_chance_fp,int,,Actions,AL12,1,1,Источник Actions.Block Base Chance FP
497,action,bear_body_check,block_reduction_fp,int,,Actions,AM12,1,1,Источник Actions.Block Reduction FP
498,action,bear_body_check,dodge_base_chance_fp,int,,Actions,AN12,1,1,Источник Actions.Dodge Base Chance FP
499,action,bear_body_check,movement_mode,string,,Actions,AO12,1,1,Источник Actions.Movement Mode
500,action,bear_body_check,move_distance,int,,Actions,AP12,1,1,Источник Actions.Move Distance
501,action,bear_body_check,base_stagger,int,,Actions,AQ12,1,1,Источник Actions.Base Stagger
502,action,bear_body_check,base_stun_ticks,int,,Actions,AR12,1,1,Источник Actions.Base Stun Ticks
503,action,bear_body_check,base_knockback,int,,Actions,AS12,1,1,Источник Actions.Base Knockback
504,action,bear_body_check,knockback_min,int,,Actions,AT12,1,1,Источник Actions.Knockback Min
505,action,bear_body_check,knockback_max,int,,Actions,AU12,1,1,Источник Actions.Knockback Max
506,action,bear_body_check,wall_damage_per_unit_fp,int,,Actions,AV12,1,1,Источник Actions.Wall Damage / Unit FP
507,action,bear_body_check,wall_damage_min,int,,Actions,AW12,1,1,Источник Actions.Wall Damage Min
508,action,bear_body_check,wall_damage_max,int,,Actions,AX12,1,1,Источник Actions.Wall Damage Max
509,action,bear_body_check,max_consecutive_uses,int,,Actions,AY12,1,1,Источник Actions.Max Consecutive Uses
510,action,bear_body_check,opportunity_cap_fp,int,,Actions,AZ12,1,1,Источник Actions.Opportunity Cap FP
511,action,bear_body_check,hard_opportunity_misses,int,,Actions,BA12,1,1,Источник Actions.Hard Opportunity Misses
512,action,bear_rampage_charge,action_id,string,,Actions,A13,1,1,Источник Actions.Action ID
513,action,bear_rampage_charge,animal_id,string,,Actions,B13,1,1,Источник Actions.Animal ID
514,action,bear_rampage_charge,slot_type,string,,Actions,D13,1,1,Источник Actions.Slot Type
515,action,bear_rampage_charge,category,string,,Actions,E13,1,1,Источник Actions.Category
516,action,bear_rampage_charge,tags,string,,Actions,F13,1,1,Источник Actions.Tags
517,action,bear_rampage_charge,base_weight,int,,Actions,G13,1,1,Источник Actions.Base Weight
518,action,bear_rampage_charge,preferred_range_min,int,,Actions,H13,1,1,Источник Actions.Preferred Range Min
519,action,bear_rampage_charge,preferred_range_max,int,,Actions,I13,1,1,Источник Actions.Preferred Range Max
520,action,bear_rampage_charge,hit_range_min,int,,Actions,J13,1,1,Источник Actions.Hit Range Min
521,action,bear_rampage_charge,hit_range_max,int,,Actions,K13,1,1,Источник Actions.Hit Range Max
522,action,bear_rampage_charge,energy_cost,int,,Actions,L13,1,1,Источник Actions.Energy Cost
523,action,bear_rampage_charge,resource_cost,int,,Actions,M13,1,1,Источник Actions.Resource Cost
524,action,bear_rampage_charge,base_damage,int,,Actions,N13,1,1,Источник Actions.Base Damage / hit
525,action,bear_rampage_charge,power_ratio_fp,int,,Actions,O13,1,1,Источник Actions.Power Ratio FP
526,action,bear_rampage_charge,min_damage,int,,Actions,P13,1,1,Источник Actions.Min Damage
527,action,bear_rampage_charge,chip_min,int,,Actions,Q13,1,1,Источник Actions.Chip Min
528,action,bear_rampage_charge,startup_base_ticks,int,,Actions,R13,1,1,Источник Actions.Startup Base Ticks
529,action,bear_rampage_charge,startup_min_ticks,int,,Actions,S13,1,1,Источник Actions.Startup Min Ticks
530,action,bear_rampage_charge,startup_max_ticks,int,,Actions,T13,1,1,Источник Actions.Startup Max Ticks
531,action,bear_rampage_charge,active_ticks,int,,Actions,U13,1,1,Источник Actions.Active Ticks
532,action,bear_rampage_charge,hit_schedule,string,,Actions,V13,1,1,Источник Actions.Hit Schedule
533,action,bear_rampage_charge,hit_count,int,,Actions,W13,1,1,Источник Actions.Hit Count
534,action,bear_rampage_charge,recovery_base_ticks,int,,Actions,X13,1,1,Источник Actions.Recovery Base Ticks
535,action,bear_rampage_charge,recovery_min_ticks,int,,Actions,Y13,1,1,Источник Actions.Recovery Min Ticks
536,action,bear_rampage_charge,recovery_max_ticks,int,,Actions,Z13,1,1,Источник Actions.Recovery Max Ticks
537,action,bear_rampage_charge,cooldown_ticks,int,,Actions,AA13,1,1,Источник Actions.Cooldown Ticks
538,action,bear_rampage_charge,action_priority,int,,Actions,AB13,1,1,Источник Actions.Action Priority
539,action,bear_rampage_charge,clash_priority,int,,Actions,AC13,1,1,Источник Actions.Clash Priority
540,action,bear_rampage_charge,grab_priority,int,,Actions,AD13,1,1,Источник Actions.Grab Priority
541,action,bear_rampage_charge,resolution_priority,int,,Actions,AE13,1,1,Источник Actions.Resolution Priority
542,action,bear_rampage_charge,interrupt_profile,string,,Actions,AF13,1,1,Источник Actions.Interrupt Profile
543,action,bear_rampage_charge,blockable,bool,,Actions,AG13,1,1,Источник Actions.Blockable
544,action,bear_rampage_charge,dodgeable,bool,,Actions,AH13,1,1,Источник Actions.Dodgeable
545,action,bear_rampage_charge,undodgeable,bool,,Actions,AI13,1,1,Источник Actions.Undodgeable
546,action,bear_rampage_charge,wall_impact,bool,,Actions,AJ13,1,1,Источник Actions.Wall Impact
547,action,bear_rampage_charge,track_target,bool,,Actions,AK13,1,1,Источник Actions.Track Target
548,action,bear_rampage_charge,block_base_chance_fp,int,,Actions,AL13,1,1,Источник Actions.Block Base Chance FP
549,action,bear_rampage_charge,block_reduction_fp,int,,Actions,AM13,1,1,Источник Actions.Block Reduction FP
550,action,bear_rampage_charge,dodge_base_chance_fp,int,,Actions,AN13,1,1,Источник Actions.Dodge Base Chance FP
551,action,bear_rampage_charge,movement_mode,string,,Actions,AO13,1,1,Источник Actions.Movement Mode
552,action,bear_rampage_charge,move_distance,int,,Actions,AP13,1,1,Источник Actions.Move Distance
553,action,bear_rampage_charge,base_stagger,int,,Actions,AQ13,1,1,Источник Actions.Base Stagger
554,action,bear_rampage_charge,base_stun_ticks,int,,Actions,AR13,1,1,Источник Actions.Base Stun Ticks
555,action,bear_rampage_charge,base_knockback,int,,Actions,AS13,1,1,Источник Actions.Base Knockback
556,action,bear_rampage_charge,knockback_min,int,,Actions,AT13,1,1,Источник Actions.Knockback Min
557,action,bear_rampage_charge,knockback_max,int,,Actions,AU13,1,1,Источник Actions.Knockback Max
558,action,bear_rampage_charge,wall_damage_per_unit_fp,int,,Actions,AV13,1,1,Источник Actions.Wall Damage / Unit FP
559,action,bear_rampage_charge,wall_damage_min,int,,Actions,AW13,1,1,Источник Actions.Wall Damage Min
560,action,bear_rampage_charge,wall_damage_max,int,,Actions,AX13,1,1,Источник Actions.Wall Damage Max
561,action,bear_rampage_charge,max_consecutive_uses,int,,Actions,AY13,1,1,Источник Actions.Max Consecutive Uses
562,action,bear_rampage_charge,opportunity_cap_fp,int,,Actions,AZ13,1,1,Источник Actions.Opportunity Cap FP
563,action,bear_rampage_charge,hard_opportunity_misses,int,,Actions,BA13,1,1,Источник Actions.Hard Opportunity Misses
564,action,bear_earthbreaker,action_id,string,,Actions,A14,1,1,Источник Actions.Action ID
565,action,bear_earthbreaker,animal_id,string,,Actions,B14,1,1,Источник Actions.Animal ID
566,action,bear_earthbreaker,slot_type,string,,Actions,D14,1,1,Источник Actions.Slot Type
567,action,bear_earthbreaker,category,string,,Actions,E14,1,1,Источник Actions.Category
568,action,bear_earthbreaker,tags,string,,Actions,F14,1,1,Источник Actions.Tags
569,action,bear_earthbreaker,base_weight,int,,Actions,G14,1,1,Источник Actions.Base Weight
570,action,bear_earthbreaker,preferred_range_min,int,,Actions,H14,1,1,Источник Actions.Preferred Range Min
571,action,bear_earthbreaker,preferred_range_max,int,,Actions,I14,1,1,Источник Actions.Preferred Range Max
572,action,bear_earthbreaker,hit_range_min,int,,Actions,J14,1,1,Источник Actions.Hit Range Min
573,action,bear_earthbreaker,hit_range_max,int,,Actions,K14,1,1,Источник Actions.Hit Range Max
574,action,bear_earthbreaker,energy_cost,int,,Actions,L14,1,1,Источник Actions.Energy Cost
575,action,bear_earthbreaker,resource_cost,int,,Actions,M14,1,1,Источник Actions.Resource Cost
576,action,bear_earthbreaker,base_damage,int,,Actions,N14,1,1,Источник Actions.Base Damage / hit
577,action,bear_earthbreaker,power_ratio_fp,int,,Actions,O14,1,1,Источник Actions.Power Ratio FP
578,action,bear_earthbreaker,min_damage,int,,Actions,P14,1,1,Источник Actions.Min Damage
579,action,bear_earthbreaker,chip_min,int,,Actions,Q14,1,1,Источник Actions.Chip Min
580,action,bear_earthbreaker,startup_base_ticks,int,,Actions,R14,1,1,Источник Actions.Startup Base Ticks
581,action,bear_earthbreaker,startup_min_ticks,int,,Actions,S14,1,1,Источник Actions.Startup Min Ticks
582,action,bear_earthbreaker,startup_max_ticks,int,,Actions,T14,1,1,Источник Actions.Startup Max Ticks
583,action,bear_earthbreaker,active_ticks,int,,Actions,U14,1,1,Источник Actions.Active Ticks
584,action,bear_earthbreaker,hit_schedule,string,,Actions,V14,1,1,Источник Actions.Hit Schedule
585,action,bear_earthbreaker,hit_count,int,,Actions,W14,1,1,Источник Actions.Hit Count
586,action,bear_earthbreaker,recovery_base_ticks,int,,Actions,X14,1,1,Источник Actions.Recovery Base Ticks
587,action,bear_earthbreaker,recovery_min_ticks,int,,Actions,Y14,1,1,Источник Actions.Recovery Min Ticks
588,action,bear_earthbreaker,recovery_max_ticks,int,,Actions,Z14,1,1,Источник Actions.Recovery Max Ticks
589,action,bear_earthbreaker,cooldown_ticks,int,,Actions,AA14,1,1,Источник Actions.Cooldown Ticks
590,action,bear_earthbreaker,action_priority,int,,Actions,AB14,1,1,Источник Actions.Action Priority
591,action,bear_earthbreaker,clash_priority,int,,Actions,AC14,1,1,Источник Actions.Clash Priority
592,action,bear_earthbreaker,grab_priority,int,,Actions,AD14,1,1,Источник Actions.Grab Priority
593,action,bear_earthbreaker,resolution_priority,int,,Actions,AE14,1,1,Источник Actions.Resolution Priority
594,action,bear_earthbreaker,interrupt_profile,string,,Actions,AF14,1,1,Источник Actions.Interrupt Profile
595,action,bear_earthbreaker,blockable,bool,,Actions,AG14,1,1,Источник Actions.Blockable
596,action,bear_earthbreaker,dodgeable,bool,,Actions,AH14,1,1,Источник Actions.Dodgeable
597,action,bear_earthbreaker,undodgeable,bool,,Actions,AI14,1,1,Источник Actions.Undodgeable
598,action,bear_earthbreaker,wall_impact,bool,,Actions,AJ14,1,1,Источник Actions.Wall Impact
599,action,bear_earthbreaker,track_target,bool,,Actions,AK14,1,1,Источник Actions.Track Target
600,action,bear_earthbreaker,block_base_chance_fp,int,,Actions,AL14,1,1,Источник Actions.Block Base Chance FP
601,action,bear_earthbreaker,block_reduction_fp,int,,Actions,AM14,1,1,Источник Actions.Block Reduction FP
602,action,bear_earthbreaker,dodge_base_chance_fp,int,,Actions,AN14,1,1,Источник Actions.Dodge Base Chance FP
603,action,bear_earthbreaker,movement_mode,string,,Actions,AO14,1,1,Источник Actions.Movement Mode
604,action,bear_earthbreaker,move_distance,int,,Actions,AP14,1,1,Источник Actions.Move Distance
605,action,bear_earthbreaker,base_stagger,int,,Actions,AQ14,1,1,Источник Actions.Base Stagger
606,action,bear_earthbreaker,base_stun_ticks,int,,Actions,AR14,1,1,Источник Actions.Base Stun Ticks
607,action,bear_earthbreaker,base_knockback,int,,Actions,AS14,1,1,Источник Actions.Base Knockback
608,action,bear_earthbreaker,knockback_min,int,,Actions,AT14,1,1,Источник Actions.Knockback Min
609,action,bear_earthbreaker,knockback_max,int,,Actions,AU14,1,1,Источник Actions.Knockback Max
610,action,bear_earthbreaker,wall_damage_per_unit_fp,int,,Actions,AV14,1,1,Источник Actions.Wall Damage / Unit FP
611,action,bear_earthbreaker,wall_damage_min,int,,Actions,AW14,1,1,Источник Actions.Wall Damage Min
612,action,bear_earthbreaker,wall_damage_max,int,,Actions,AX14,1,1,Источник Actions.Wall Damage Max
613,action,bear_earthbreaker,max_consecutive_uses,int,,Actions,AY14,1,1,Источник Actions.Max Consecutive Uses
614,action,bear_earthbreaker,opportunity_cap_fp,int,,Actions,AZ14,1,1,Источник Actions.Opportunity Cap FP
615,action,bear_earthbreaker,hard_opportunity_misses,int,,Actions,BA14,1,1,Источник Actions.Hard Opportunity Misses
616,action,bear_fury_maul,action_id,string,,Actions,A15,1,1,Источник Actions.Action ID
617,action,bear_fury_maul,animal_id,string,,Actions,B15,1,1,Источник Actions.Animal ID
618,action,bear_fury_maul,slot_type,string,,Actions,D15,1,1,Источник Actions.Slot Type
619,action,bear_fury_maul,category,string,,Actions,E15,1,1,Источник Actions.Category
620,action,bear_fury_maul,tags,string,,Actions,F15,1,1,Источник Actions.Tags
621,action,bear_fury_maul,base_weight,int,,Actions,G15,1,1,Источник Actions.Base Weight
622,action,bear_fury_maul,preferred_range_min,int,,Actions,H15,1,1,Источник Actions.Preferred Range Min
623,action,bear_fury_maul,preferred_range_max,int,,Actions,I15,1,1,Источник Actions.Preferred Range Max
624,action,bear_fury_maul,hit_range_min,int,,Actions,J15,1,1,Источник Actions.Hit Range Min
625,action,bear_fury_maul,hit_range_max,int,,Actions,K15,1,1,Источник Actions.Hit Range Max
626,action,bear_fury_maul,energy_cost,int,,Actions,L15,1,1,Источник Actions.Energy Cost
627,action,bear_fury_maul,resource_cost,int,,Actions,M15,1,1,Источник Actions.Resource Cost
628,action,bear_fury_maul,base_damage,int,,Actions,N15,1,1,Источник Actions.Base Damage / hit
629,action,bear_fury_maul,power_ratio_fp,int,,Actions,O15,1,1,Источник Actions.Power Ratio FP
630,action,bear_fury_maul,min_damage,int,,Actions,P15,1,1,Источник Actions.Min Damage
631,action,bear_fury_maul,chip_min,int,,Actions,Q15,1,1,Источник Actions.Chip Min
632,action,bear_fury_maul,startup_base_ticks,int,,Actions,R15,1,1,Источник Actions.Startup Base Ticks
633,action,bear_fury_maul,startup_min_ticks,int,,Actions,S15,1,1,Источник Actions.Startup Min Ticks
634,action,bear_fury_maul,startup_max_ticks,int,,Actions,T15,1,1,Источник Actions.Startup Max Ticks
635,action,bear_fury_maul,active_ticks,int,,Actions,U15,1,1,Источник Actions.Active Ticks
636,action,bear_fury_maul,hit_schedule,string,,Actions,V15,1,1,Источник Actions.Hit Schedule
637,action,bear_fury_maul,hit_count,int,,Actions,W15,1,1,Источник Actions.Hit Count
638,action,bear_fury_maul,recovery_base_ticks,int,,Actions,X15,1,1,Источник Actions.Recovery Base Ticks
639,action,bear_fury_maul,recovery_min_ticks,int,,Actions,Y15,1,1,Источник Actions.Recovery Min Ticks
640,action,bear_fury_maul,recovery_max_ticks,int,,Actions,Z15,1,1,Источник Actions.Recovery Max Ticks
641,action,bear_fury_maul,cooldown_ticks,int,,Actions,AA15,1,1,Источник Actions.Cooldown Ticks
642,action,bear_fury_maul,action_priority,int,,Actions,AB15,1,1,Источник Actions.Action Priority
643,action,bear_fury_maul,clash_priority,int,,Actions,AC15,1,1,Источник Actions.Clash Priority
644,action,bear_fury_maul,grab_priority,int,,Actions,AD15,1,1,Источник Actions.Grab Priority
645,action,bear_fury_maul,resolution_priority,int,,Actions,AE15,1,1,Источник Actions.Resolution Priority
646,action,bear_fury_maul,interrupt_profile,string,,Actions,AF15,1,1,Источник Actions.Interrupt Profile
647,action,bear_fury_maul,blockable,bool,,Actions,AG15,1,1,Источник Actions.Blockable
648,action,bear_fury_maul,dodgeable,bool,,Actions,AH15,1,1,Источник Actions.Dodgeable
649,action,bear_fury_maul,undodgeable,bool,,Actions,AI15,1,1,Источник Actions.Undodgeable
650,action,bear_fury_maul,wall_impact,bool,,Actions,AJ15,1,1,Источник Actions.Wall Impact
651,action,bear_fury_maul,track_target,bool,,Actions,AK15,1,1,Источник Actions.Track Target
652,action,bear_fury_maul,block_base_chance_fp,int,,Actions,AL15,1,1,Источник Actions.Block Base Chance FP
653,action,bear_fury_maul,block_reduction_fp,int,,Actions,AM15,1,1,Источник Actions.Block Reduction FP
654,action,bear_fury_maul,dodge_base_chance_fp,int,,Actions,AN15,1,1,Источник Actions.Dodge Base Chance FP
655,action,bear_fury_maul,movement_mode,string,,Actions,AO15,1,1,Источник Actions.Movement Mode
656,action,bear_fury_maul,move_distance,int,,Actions,AP15,1,1,Источник Actions.Move Distance
657,action,bear_fury_maul,base_stagger,int,,Actions,AQ15,1,1,Источник Actions.Base Stagger
658,action,bear_fury_maul,base_stun_ticks,int,,Actions,AR15,1,1,Источник Actions.Base Stun Ticks
659,action,bear_fury_maul,base_knockback,int,,Actions,AS15,1,1,Источник Actions.Base Knockback
660,action,bear_fury_maul,knockback_min,int,,Actions,AT15,1,1,Источник Actions.Knockback Min
661,action,bear_fury_maul,knockback_max,int,,Actions,AU15,1,1,Источник Actions.Knockback Max
662,action,bear_fury_maul,wall_damage_per_unit_fp,int,,Actions,AV15,1,1,Источник Actions.Wall Damage / Unit FP
663,action,bear_fury_maul,wall_damage_min,int,,Actions,AW15,1,1,Источник Actions.Wall Damage Min
664,action,bear_fury_maul,wall_damage_max,int,,Actions,AX15,1,1,Источник Actions.Wall Damage Max
665,action,bear_fury_maul,max_consecutive_uses,int,,Actions,AY15,1,1,Источник Actions.Max Consecutive Uses
666,action,bear_fury_maul,opportunity_cap_fp,int,,Actions,AZ15,1,1,Источник Actions.Opportunity Cap FP
667,action,bear_fury_maul,hard_opportunity_misses,int,,Actions,BA15,1,1,Источник Actions.Hard Opportunity Misses
668,action,kangaroo_lead_jab,action_id,string,,Actions,A16,1,1,Источник Actions.Action ID
669,action,kangaroo_lead_jab,animal_id,string,,Actions,B16,1,1,Источник Actions.Animal ID
670,action,kangaroo_lead_jab,slot_type,string,,Actions,D16,1,1,Источник Actions.Slot Type
671,action,kangaroo_lead_jab,category,string,,Actions,E16,1,1,Источник Actions.Category
672,action,kangaroo_lead_jab,tags,string,,Actions,F16,1,1,Источник Actions.Tags
673,action,kangaroo_lead_jab,base_weight,int,,Actions,G16,1,1,Источник Actions.Base Weight
674,action,kangaroo_lead_jab,preferred_range_min,int,,Actions,H16,1,1,Источник Actions.Preferred Range Min
675,action,kangaroo_lead_jab,preferred_range_max,int,,Actions,I16,1,1,Источник Actions.Preferred Range Max
676,action,kangaroo_lead_jab,hit_range_min,int,,Actions,J16,1,1,Источник Actions.Hit Range Min
677,action,kangaroo_lead_jab,hit_range_max,int,,Actions,K16,1,1,Источник Actions.Hit Range Max
678,action,kangaroo_lead_jab,energy_cost,int,,Actions,L16,1,1,Источник Actions.Energy Cost
679,action,kangaroo_lead_jab,resource_cost,int,,Actions,M16,1,1,Источник Actions.Resource Cost
680,action,kangaroo_lead_jab,base_damage,int,,Actions,N16,1,1,Источник Actions.Base Damage / hit
681,action,kangaroo_lead_jab,power_ratio_fp,int,,Actions,O16,1,1,Источник Actions.Power Ratio FP
682,action,kangaroo_lead_jab,min_damage,int,,Actions,P16,1,1,Источник Actions.Min Damage
683,action,kangaroo_lead_jab,chip_min,int,,Actions,Q16,1,1,Источник Actions.Chip Min
684,action,kangaroo_lead_jab,startup_base_ticks,int,,Actions,R16,1,1,Источник Actions.Startup Base Ticks
685,action,kangaroo_lead_jab,startup_min_ticks,int,,Actions,S16,1,1,Источник Actions.Startup Min Ticks
686,action,kangaroo_lead_jab,startup_max_ticks,int,,Actions,T16,1,1,Источник Actions.Startup Max Ticks
687,action,kangaroo_lead_jab,active_ticks,int,,Actions,U16,1,1,Источник Actions.Active Ticks
688,action,kangaroo_lead_jab,hit_schedule,string,,Actions,V16,1,1,Источник Actions.Hit Schedule
689,action,kangaroo_lead_jab,hit_count,int,,Actions,W16,1,1,Источник Actions.Hit Count
690,action,kangaroo_lead_jab,recovery_base_ticks,int,,Actions,X16,1,1,Источник Actions.Recovery Base Ticks
691,action,kangaroo_lead_jab,recovery_min_ticks,int,,Actions,Y16,1,1,Источник Actions.Recovery Min Ticks
692,action,kangaroo_lead_jab,recovery_max_ticks,int,,Actions,Z16,1,1,Источник Actions.Recovery Max Ticks
693,action,kangaroo_lead_jab,cooldown_ticks,int,,Actions,AA16,1,1,Источник Actions.Cooldown Ticks
694,action,kangaroo_lead_jab,action_priority,int,,Actions,AB16,1,1,Источник Actions.Action Priority
695,action,kangaroo_lead_jab,clash_priority,int,,Actions,AC16,1,1,Источник Actions.Clash Priority
696,action,kangaroo_lead_jab,grab_priority,int,,Actions,AD16,1,1,Источник Actions.Grab Priority
697,action,kangaroo_lead_jab,resolution_priority,int,,Actions,AE16,1,1,Источник Actions.Resolution Priority
698,action,kangaroo_lead_jab,interrupt_profile,string,,Actions,AF16,1,1,Источник Actions.Interrupt Profile
699,action,kangaroo_lead_jab,blockable,bool,,Actions,AG16,1,1,Источник Actions.Blockable
700,action,kangaroo_lead_jab,dodgeable,bool,,Actions,AH16,1,1,Источник Actions.Dodgeable
701,action,kangaroo_lead_jab,undodgeable,bool,,Actions,AI16,1,1,Источник Actions.Undodgeable
702,action,kangaroo_lead_jab,wall_impact,bool,,Actions,AJ16,1,1,Источник Actions.Wall Impact
703,action,kangaroo_lead_jab,track_target,bool,,Actions,AK16,1,1,Источник Actions.Track Target
704,action,kangaroo_lead_jab,block_base_chance_fp,int,,Actions,AL16,1,1,Источник Actions.Block Base Chance FP
705,action,kangaroo_lead_jab,block_reduction_fp,int,,Actions,AM16,1,1,Источник Actions.Block Reduction FP
706,action,kangaroo_lead_jab,dodge_base_chance_fp,int,,Actions,AN16,1,1,Источник Actions.Dodge Base Chance FP
707,action,kangaroo_lead_jab,movement_mode,string,,Actions,AO16,1,1,Источник Actions.Movement Mode
708,action,kangaroo_lead_jab,move_distance,int,,Actions,AP16,1,1,Источник Actions.Move Distance
709,action,kangaroo_lead_jab,base_stagger,int,,Actions,AQ16,1,1,Источник Actions.Base Stagger
710,action,kangaroo_lead_jab,base_stun_ticks,int,,Actions,AR16,1,1,Источник Actions.Base Stun Ticks
711,action,kangaroo_lead_jab,base_knockback,int,,Actions,AS16,1,1,Источник Actions.Base Knockback
712,action,kangaroo_lead_jab,knockback_min,int,,Actions,AT16,1,1,Источник Actions.Knockback Min
713,action,kangaroo_lead_jab,knockback_max,int,,Actions,AU16,1,1,Источник Actions.Knockback Max
714,action,kangaroo_lead_jab,wall_damage_per_unit_fp,int,,Actions,AV16,1,1,Источник Actions.Wall Damage / Unit FP
715,action,kangaroo_lead_jab,wall_damage_min,int,,Actions,AW16,1,1,Источник Actions.Wall Damage Min
716,action,kangaroo_lead_jab,wall_damage_max,int,,Actions,AX16,1,1,Источник Actions.Wall Damage Max
717,action,kangaroo_lead_jab,max_consecutive_uses,int,,Actions,AY16,1,1,Источник Actions.Max Consecutive Uses
718,action,kangaroo_lead_jab,opportunity_cap_fp,int,,Actions,AZ16,1,1,Источник Actions.Opportunity Cap FP
719,action,kangaroo_lead_jab,hard_opportunity_misses,int,,Actions,BA16,1,1,Источник Actions.Hard Opportunity Misses
720,action,kangaroo_push_kick,action_id,string,,Actions,A17,1,1,Источник Actions.Action ID
721,action,kangaroo_push_kick,animal_id,string,,Actions,B17,1,1,Источник Actions.Animal ID
722,action,kangaroo_push_kick,slot_type,string,,Actions,D17,1,1,Источник Actions.Slot Type
723,action,kangaroo_push_kick,category,string,,Actions,E17,1,1,Источник Actions.Category
724,action,kangaroo_push_kick,tags,string,,Actions,F17,1,1,Источник Actions.Tags
725,action,kangaroo_push_kick,base_weight,int,,Actions,G17,1,1,Источник Actions.Base Weight
726,action,kangaroo_push_kick,preferred_range_min,int,,Actions,H17,1,1,Источник Actions.Preferred Range Min
727,action,kangaroo_push_kick,preferred_range_max,int,,Actions,I17,1,1,Источник Actions.Preferred Range Max
728,action,kangaroo_push_kick,hit_range_min,int,,Actions,J17,1,1,Источник Actions.Hit Range Min
729,action,kangaroo_push_kick,hit_range_max,int,,Actions,K17,1,1,Источник Actions.Hit Range Max
730,action,kangaroo_push_kick,energy_cost,int,,Actions,L17,1,1,Источник Actions.Energy Cost
731,action,kangaroo_push_kick,resource_cost,int,,Actions,M17,1,1,Источник Actions.Resource Cost
732,action,kangaroo_push_kick,base_damage,int,,Actions,N17,1,1,Источник Actions.Base Damage / hit
733,action,kangaroo_push_kick,power_ratio_fp,int,,Actions,O17,1,1,Источник Actions.Power Ratio FP
734,action,kangaroo_push_kick,min_damage,int,,Actions,P17,1,1,Источник Actions.Min Damage
735,action,kangaroo_push_kick,chip_min,int,,Actions,Q17,1,1,Источник Actions.Chip Min
736,action,kangaroo_push_kick,startup_base_ticks,int,,Actions,R17,1,1,Источник Actions.Startup Base Ticks
737,action,kangaroo_push_kick,startup_min_ticks,int,,Actions,S17,1,1,Источник Actions.Startup Min Ticks
738,action,kangaroo_push_kick,startup_max_ticks,int,,Actions,T17,1,1,Источник Actions.Startup Max Ticks
739,action,kangaroo_push_kick,active_ticks,int,,Actions,U17,1,1,Источник Actions.Active Ticks
740,action,kangaroo_push_kick,hit_schedule,string,,Actions,V17,1,1,Источник Actions.Hit Schedule
741,action,kangaroo_push_kick,hit_count,int,,Actions,W17,1,1,Источник Actions.Hit Count
742,action,kangaroo_push_kick,recovery_base_ticks,int,,Actions,X17,1,1,Источник Actions.Recovery Base Ticks
743,action,kangaroo_push_kick,recovery_min_ticks,int,,Actions,Y17,1,1,Источник Actions.Recovery Min Ticks
744,action,kangaroo_push_kick,recovery_max_ticks,int,,Actions,Z17,1,1,Источник Actions.Recovery Max Ticks
745,action,kangaroo_push_kick,cooldown_ticks,int,,Actions,AA17,1,1,Источник Actions.Cooldown Ticks
746,action,kangaroo_push_kick,action_priority,int,,Actions,AB17,1,1,Источник Actions.Action Priority
747,action,kangaroo_push_kick,clash_priority,int,,Actions,AC17,1,1,Источник Actions.Clash Priority
748,action,kangaroo_push_kick,grab_priority,int,,Actions,AD17,1,1,Источник Actions.Grab Priority
749,action,kangaroo_push_kick,resolution_priority,int,,Actions,AE17,1,1,Источник Actions.Resolution Priority
750,action,kangaroo_push_kick,interrupt_profile,string,,Actions,AF17,1,1,Источник Actions.Interrupt Profile
751,action,kangaroo_push_kick,blockable,bool,,Actions,AG17,1,1,Источник Actions.Blockable
752,action,kangaroo_push_kick,dodgeable,bool,,Actions,AH17,1,1,Источник Actions.Dodgeable
753,action,kangaroo_push_kick,undodgeable,bool,,Actions,AI17,1,1,Источник Actions.Undodgeable
754,action,kangaroo_push_kick,wall_impact,bool,,Actions,AJ17,1,1,Источник Actions.Wall Impact
755,action,kangaroo_push_kick,track_target,bool,,Actions,AK17,1,1,Источник Actions.Track Target
756,action,kangaroo_push_kick,block_base_chance_fp,int,,Actions,AL17,1,1,Источник Actions.Block Base Chance FP
757,action,kangaroo_push_kick,block_reduction_fp,int,,Actions,AM17,1,1,Источник Actions.Block Reduction FP
758,action,kangaroo_push_kick,dodge_base_chance_fp,int,,Actions,AN17,1,1,Источник Actions.Dodge Base Chance FP
759,action,kangaroo_push_kick,movement_mode,string,,Actions,AO17,1,1,Источник Actions.Movement Mode
760,action,kangaroo_push_kick,move_distance,int,,Actions,AP17,1,1,Источник Actions.Move Distance
761,action,kangaroo_push_kick,base_stagger,int,,Actions,AQ17,1,1,Источник Actions.Base Stagger
762,action,kangaroo_push_kick,base_stun_ticks,int,,Actions,AR17,1,1,Источник Actions.Base Stun Ticks
763,action,kangaroo_push_kick,base_knockback,int,,Actions,AS17,1,1,Источник Actions.Base Knockback
764,action,kangaroo_push_kick,knockback_min,int,,Actions,AT17,1,1,Источник Actions.Knockback Min
765,action,kangaroo_push_kick,knockback_max,int,,Actions,AU17,1,1,Источник Actions.Knockback Max
766,action,kangaroo_push_kick,wall_damage_per_unit_fp,int,,Actions,AV17,1,1,Источник Actions.Wall Damage / Unit FP
767,action,kangaroo_push_kick,wall_damage_min,int,,Actions,AW17,1,1,Источник Actions.Wall Damage Min
768,action,kangaroo_push_kick,wall_damage_max,int,,Actions,AX17,1,1,Источник Actions.Wall Damage Max
769,action,kangaroo_push_kick,max_consecutive_uses,int,,Actions,AY17,1,1,Источник Actions.Max Consecutive Uses
770,action,kangaroo_push_kick,opportunity_cap_fp,int,,Actions,AZ17,1,1,Источник Actions.Opportunity Cap FP
771,action,kangaroo_push_kick,hard_opportunity_misses,int,,Actions,BA17,1,1,Источник Actions.Hard Opportunity Misses
772,action,kangaroo_bounding_step,action_id,string,,Actions,A18,1,1,Источник Actions.Action ID
773,action,kangaroo_bounding_step,animal_id,string,,Actions,B18,1,1,Источник Actions.Animal ID
774,action,kangaroo_bounding_step,slot_type,string,,Actions,D18,1,1,Источник Actions.Slot Type
775,action,kangaroo_bounding_step,category,string,,Actions,E18,1,1,Источник Actions.Category
776,action,kangaroo_bounding_step,tags,string,,Actions,F18,1,1,Источник Actions.Tags
777,action,kangaroo_bounding_step,base_weight,int,,Actions,G18,1,1,Источник Actions.Base Weight
778,action,kangaroo_bounding_step,preferred_range_min,int,,Actions,H18,1,1,Источник Actions.Preferred Range Min
779,action,kangaroo_bounding_step,preferred_range_max,int,,Actions,I18,1,1,Источник Actions.Preferred Range Max
780,action,kangaroo_bounding_step,hit_range_min,int,,Actions,J18,1,1,Источник Actions.Hit Range Min
781,action,kangaroo_bounding_step,hit_range_max,int,,Actions,K18,1,1,Источник Actions.Hit Range Max
782,action,kangaroo_bounding_step,energy_cost,int,,Actions,L18,1,1,Источник Actions.Energy Cost
783,action,kangaroo_bounding_step,resource_cost,int,,Actions,M18,1,1,Источник Actions.Resource Cost
784,action,kangaroo_bounding_step,base_damage,int,,Actions,N18,1,1,Источник Actions.Base Damage / hit
785,action,kangaroo_bounding_step,power_ratio_fp,int,,Actions,O18,1,1,Источник Actions.Power Ratio FP
786,action,kangaroo_bounding_step,min_damage,int,,Actions,P18,1,1,Источник Actions.Min Damage
787,action,kangaroo_bounding_step,chip_min,int,,Actions,Q18,1,1,Источник Actions.Chip Min
788,action,kangaroo_bounding_step,startup_base_ticks,int,,Actions,R18,1,1,Источник Actions.Startup Base Ticks
789,action,kangaroo_bounding_step,startup_min_ticks,int,,Actions,S18,1,1,Источник Actions.Startup Min Ticks
790,action,kangaroo_bounding_step,startup_max_ticks,int,,Actions,T18,1,1,Источник Actions.Startup Max Ticks
791,action,kangaroo_bounding_step,active_ticks,int,,Actions,U18,1,1,Источник Actions.Active Ticks
792,action,kangaroo_bounding_step,hit_schedule,string,,Actions,V18,1,1,Источник Actions.Hit Schedule
793,action,kangaroo_bounding_step,hit_count,int,,Actions,W18,1,1,Источник Actions.Hit Count
794,action,kangaroo_bounding_step,recovery_base_ticks,int,,Actions,X18,1,1,Источник Actions.Recovery Base Ticks
795,action,kangaroo_bounding_step,recovery_min_ticks,int,,Actions,Y18,1,1,Источник Actions.Recovery Min Ticks
796,action,kangaroo_bounding_step,recovery_max_ticks,int,,Actions,Z18,1,1,Источник Actions.Recovery Max Ticks
797,action,kangaroo_bounding_step,cooldown_ticks,int,,Actions,AA18,1,1,Источник Actions.Cooldown Ticks
798,action,kangaroo_bounding_step,action_priority,int,,Actions,AB18,1,1,Источник Actions.Action Priority
799,action,kangaroo_bounding_step,clash_priority,int,,Actions,AC18,1,1,Источник Actions.Clash Priority
800,action,kangaroo_bounding_step,grab_priority,int,,Actions,AD18,1,1,Источник Actions.Grab Priority
801,action,kangaroo_bounding_step,resolution_priority,int,,Actions,AE18,1,1,Источник Actions.Resolution Priority
802,action,kangaroo_bounding_step,interrupt_profile,string,,Actions,AF18,1,1,Источник Actions.Interrupt Profile
803,action,kangaroo_bounding_step,blockable,bool,,Actions,AG18,1,1,Источник Actions.Blockable
804,action,kangaroo_bounding_step,dodgeable,bool,,Actions,AH18,1,1,Источник Actions.Dodgeable
805,action,kangaroo_bounding_step,undodgeable,bool,,Actions,AI18,1,1,Источник Actions.Undodgeable
806,action,kangaroo_bounding_step,wall_impact,bool,,Actions,AJ18,1,1,Источник Actions.Wall Impact
807,action,kangaroo_bounding_step,track_target,bool,,Actions,AK18,1,1,Источник Actions.Track Target
808,action,kangaroo_bounding_step,block_base_chance_fp,int,,Actions,AL18,1,1,Источник Actions.Block Base Chance FP
809,action,kangaroo_bounding_step,block_reduction_fp,int,,Actions,AM18,1,1,Источник Actions.Block Reduction FP
810,action,kangaroo_bounding_step,dodge_base_chance_fp,int,,Actions,AN18,1,1,Источник Actions.Dodge Base Chance FP
811,action,kangaroo_bounding_step,movement_mode,string,,Actions,AO18,1,1,Источник Actions.Movement Mode
812,action,kangaroo_bounding_step,move_distance,int,,Actions,AP18,1,1,Источник Actions.Move Distance
813,action,kangaroo_bounding_step,base_stagger,int,,Actions,AQ18,1,1,Источник Actions.Base Stagger
814,action,kangaroo_bounding_step,base_stun_ticks,int,,Actions,AR18,1,1,Источник Actions.Base Stun Ticks
815,action,kangaroo_bounding_step,base_knockback,int,,Actions,AS18,1,1,Источник Actions.Base Knockback
816,action,kangaroo_bounding_step,knockback_min,int,,Actions,AT18,1,1,Источник Actions.Knockback Min
817,action,kangaroo_bounding_step,knockback_max,int,,Actions,AU18,1,1,Источник Actions.Knockback Max
818,action,kangaroo_bounding_step,wall_damage_per_unit_fp,int,,Actions,AV18,1,1,Источник Actions.Wall Damage / Unit FP
819,action,kangaroo_bounding_step,wall_damage_min,int,,Actions,AW18,1,1,Источник Actions.Wall Damage Min
820,action,kangaroo_bounding_step,wall_damage_max,int,,Actions,AX18,1,1,Источник Actions.Wall Damage Max
821,action,kangaroo_bounding_step,max_consecutive_uses,int,,Actions,AY18,1,1,Источник Actions.Max Consecutive Uses
822,action,kangaroo_bounding_step,opportunity_cap_fp,int,,Actions,AZ18,1,1,Источник Actions.Opportunity Cap FP
823,action,kangaroo_bounding_step,hard_opportunity_misses,int,,Actions,BA18,1,1,Источник Actions.Hard Opportunity Misses
824,action,kangaroo_slip_hop,action_id,string,,Actions,A19,1,1,Источник Actions.Action ID
825,action,kangaroo_slip_hop,animal_id,string,,Actions,B19,1,1,Источник Actions.Animal ID
826,action,kangaroo_slip_hop,slot_type,string,,Actions,D19,1,1,Источник Actions.Slot Type
827,action,kangaroo_slip_hop,category,string,,Actions,E19,1,1,Источник Actions.Category
828,action,kangaroo_slip_hop,tags,string,,Actions,F19,1,1,Источник Actions.Tags
829,action,kangaroo_slip_hop,base_weight,int,,Actions,G19,1,1,Источник Actions.Base Weight
830,action,kangaroo_slip_hop,preferred_range_min,int,,Actions,H19,1,1,Источник Actions.Preferred Range Min
831,action,kangaroo_slip_hop,preferred_range_max,int,,Actions,I19,1,1,Источник Actions.Preferred Range Max
832,action,kangaroo_slip_hop,hit_range_min,int,,Actions,J19,1,1,Источник Actions.Hit Range Min
833,action,kangaroo_slip_hop,hit_range_max,int,,Actions,K19,1,1,Источник Actions.Hit Range Max
834,action,kangaroo_slip_hop,energy_cost,int,,Actions,L19,1,1,Источник Actions.Energy Cost
835,action,kangaroo_slip_hop,resource_cost,int,,Actions,M19,1,1,Источник Actions.Resource Cost
836,action,kangaroo_slip_hop,base_damage,int,,Actions,N19,1,1,Источник Actions.Base Damage / hit
837,action,kangaroo_slip_hop,power_ratio_fp,int,,Actions,O19,1,1,Источник Actions.Power Ratio FP
838,action,kangaroo_slip_hop,min_damage,int,,Actions,P19,1,1,Источник Actions.Min Damage
839,action,kangaroo_slip_hop,chip_min,int,,Actions,Q19,1,1,Источник Actions.Chip Min
840,action,kangaroo_slip_hop,startup_base_ticks,int,,Actions,R19,1,1,Источник Actions.Startup Base Ticks
841,action,kangaroo_slip_hop,startup_min_ticks,int,,Actions,S19,1,1,Источник Actions.Startup Min Ticks
842,action,kangaroo_slip_hop,startup_max_ticks,int,,Actions,T19,1,1,Источник Actions.Startup Max Ticks
843,action,kangaroo_slip_hop,active_ticks,int,,Actions,U19,1,1,Источник Actions.Active Ticks
844,action,kangaroo_slip_hop,hit_schedule,string,,Actions,V19,1,1,Источник Actions.Hit Schedule
845,action,kangaroo_slip_hop,hit_count,int,,Actions,W19,1,1,Источник Actions.Hit Count
846,action,kangaroo_slip_hop,recovery_base_ticks,int,,Actions,X19,1,1,Источник Actions.Recovery Base Ticks
847,action,kangaroo_slip_hop,recovery_min_ticks,int,,Actions,Y19,1,1,Источник Actions.Recovery Min Ticks
848,action,kangaroo_slip_hop,recovery_max_ticks,int,,Actions,Z19,1,1,Источник Actions.Recovery Max Ticks
849,action,kangaroo_slip_hop,cooldown_ticks,int,,Actions,AA19,1,1,Источник Actions.Cooldown Ticks
850,action,kangaroo_slip_hop,action_priority,int,,Actions,AB19,1,1,Источник Actions.Action Priority
851,action,kangaroo_slip_hop,clash_priority,int,,Actions,AC19,1,1,Источник Actions.Clash Priority
852,action,kangaroo_slip_hop,grab_priority,int,,Actions,AD19,1,1,Источник Actions.Grab Priority
853,action,kangaroo_slip_hop,resolution_priority,int,,Actions,AE19,1,1,Источник Actions.Resolution Priority
854,action,kangaroo_slip_hop,interrupt_profile,string,,Actions,AF19,1,1,Источник Actions.Interrupt Profile
855,action,kangaroo_slip_hop,blockable,bool,,Actions,AG19,1,1,Источник Actions.Blockable
856,action,kangaroo_slip_hop,dodgeable,bool,,Actions,AH19,1,1,Источник Actions.Dodgeable
857,action,kangaroo_slip_hop,undodgeable,bool,,Actions,AI19,1,1,Источник Actions.Undodgeable
858,action,kangaroo_slip_hop,wall_impact,bool,,Actions,AJ19,1,1,Источник Actions.Wall Impact
859,action,kangaroo_slip_hop,track_target,bool,,Actions,AK19,1,1,Источник Actions.Track Target
860,action,kangaroo_slip_hop,block_base_chance_fp,int,,Actions,AL19,1,1,Источник Actions.Block Base Chance FP
861,action,kangaroo_slip_hop,block_reduction_fp,int,,Actions,AM19,1,1,Источник Actions.Block Reduction FP
862,action,kangaroo_slip_hop,dodge_base_chance_fp,int,,Actions,AN19,1,1,Источник Actions.Dodge Base Chance FP
863,action,kangaroo_slip_hop,movement_mode,string,,Actions,AO19,1,1,Источник Actions.Movement Mode
864,action,kangaroo_slip_hop,move_distance,int,,Actions,AP19,1,1,Источник Actions.Move Distance
865,action,kangaroo_slip_hop,base_stagger,int,,Actions,AQ19,1,1,Источник Actions.Base Stagger
866,action,kangaroo_slip_hop,base_stun_ticks,int,,Actions,AR19,1,1,Источник Actions.Base Stun Ticks
867,action,kangaroo_slip_hop,base_knockback,int,,Actions,AS19,1,1,Источник Actions.Base Knockback
868,action,kangaroo_slip_hop,knockback_min,int,,Actions,AT19,1,1,Источник Actions.Knockback Min
869,action,kangaroo_slip_hop,knockback_max,int,,Actions,AU19,1,1,Источник Actions.Knockback Max
870,action,kangaroo_slip_hop,wall_damage_per_unit_fp,int,,Actions,AV19,1,1,Источник Actions.Wall Damage / Unit FP
871,action,kangaroo_slip_hop,wall_damage_min,int,,Actions,AW19,1,1,Источник Actions.Wall Damage Min
872,action,kangaroo_slip_hop,wall_damage_max,int,,Actions,AX19,1,1,Источник Actions.Wall Damage Max
873,action,kangaroo_slip_hop,max_consecutive_uses,int,,Actions,AY19,1,1,Источник Actions.Max Consecutive Uses
874,action,kangaroo_slip_hop,opportunity_cap_fp,int,,Actions,AZ19,1,1,Источник Actions.Opportunity Cap FP
875,action,kangaroo_slip_hop,hard_opportunity_misses,int,,Actions,BA19,1,1,Источник Actions.Hard Opportunity Misses
876,action,kangaroo_flying_kick,action_id,string,,Actions,A20,1,1,Источник Actions.Action ID
877,action,kangaroo_flying_kick,animal_id,string,,Actions,B20,1,1,Источник Actions.Animal ID
878,action,kangaroo_flying_kick,slot_type,string,,Actions,D20,1,1,Источник Actions.Slot Type
879,action,kangaroo_flying_kick,category,string,,Actions,E20,1,1,Источник Actions.Category
880,action,kangaroo_flying_kick,tags,string,,Actions,F20,1,1,Источник Actions.Tags
881,action,kangaroo_flying_kick,base_weight,int,,Actions,G20,1,1,Источник Actions.Base Weight
882,action,kangaroo_flying_kick,preferred_range_min,int,,Actions,H20,1,1,Источник Actions.Preferred Range Min
883,action,kangaroo_flying_kick,preferred_range_max,int,,Actions,I20,1,1,Источник Actions.Preferred Range Max
884,action,kangaroo_flying_kick,hit_range_min,int,,Actions,J20,1,1,Источник Actions.Hit Range Min
885,action,kangaroo_flying_kick,hit_range_max,int,,Actions,K20,1,1,Источник Actions.Hit Range Max
886,action,kangaroo_flying_kick,energy_cost,int,,Actions,L20,1,1,Источник Actions.Energy Cost
887,action,kangaroo_flying_kick,resource_cost,int,,Actions,M20,1,1,Источник Actions.Resource Cost
888,action,kangaroo_flying_kick,base_damage,int,,Actions,N20,1,1,Источник Actions.Base Damage / hit
889,action,kangaroo_flying_kick,power_ratio_fp,int,,Actions,O20,1,1,Источник Actions.Power Ratio FP
890,action,kangaroo_flying_kick,min_damage,int,,Actions,P20,1,1,Источник Actions.Min Damage
891,action,kangaroo_flying_kick,chip_min,int,,Actions,Q20,1,1,Источник Actions.Chip Min
892,action,kangaroo_flying_kick,startup_base_ticks,int,,Actions,R20,1,1,Источник Actions.Startup Base Ticks
893,action,kangaroo_flying_kick,startup_min_ticks,int,,Actions,S20,1,1,Источник Actions.Startup Min Ticks
894,action,kangaroo_flying_kick,startup_max_ticks,int,,Actions,T20,1,1,Источник Actions.Startup Max Ticks
895,action,kangaroo_flying_kick,active_ticks,int,,Actions,U20,1,1,Источник Actions.Active Ticks
896,action,kangaroo_flying_kick,hit_schedule,string,,Actions,V20,1,1,Источник Actions.Hit Schedule
897,action,kangaroo_flying_kick,hit_count,int,,Actions,W20,1,1,Источник Actions.Hit Count
898,action,kangaroo_flying_kick,recovery_base_ticks,int,,Actions,X20,1,1,Источник Actions.Recovery Base Ticks
899,action,kangaroo_flying_kick,recovery_min_ticks,int,,Actions,Y20,1,1,Источник Actions.Recovery Min Ticks
900,action,kangaroo_flying_kick,recovery_max_ticks,int,,Actions,Z20,1,1,Источник Actions.Recovery Max Ticks
901,action,kangaroo_flying_kick,cooldown_ticks,int,,Actions,AA20,1,1,Источник Actions.Cooldown Ticks
902,action,kangaroo_flying_kick,action_priority,int,,Actions,AB20,1,1,Источник Actions.Action Priority
903,action,kangaroo_flying_kick,clash_priority,int,,Actions,AC20,1,1,Источник Actions.Clash Priority
904,action,kangaroo_flying_kick,grab_priority,int,,Actions,AD20,1,1,Источник Actions.Grab Priority
905,action,kangaroo_flying_kick,resolution_priority,int,,Actions,AE20,1,1,Источник Actions.Resolution Priority
906,action,kangaroo_flying_kick,interrupt_profile,string,,Actions,AF20,1,1,Источник Actions.Interrupt Profile
907,action,kangaroo_flying_kick,blockable,bool,,Actions,AG20,1,1,Источник Actions.Blockable
908,action,kangaroo_flying_kick,dodgeable,bool,,Actions,AH20,1,1,Источник Actions.Dodgeable
909,action,kangaroo_flying_kick,undodgeable,bool,,Actions,AI20,1,1,Источник Actions.Undodgeable
910,action,kangaroo_flying_kick,wall_impact,bool,,Actions,AJ20,1,1,Источник Actions.Wall Impact
911,action,kangaroo_flying_kick,track_target,bool,,Actions,AK20,1,1,Источник Actions.Track Target
912,action,kangaroo_flying_kick,block_base_chance_fp,int,,Actions,AL20,1,1,Источник Actions.Block Base Chance FP
913,action,kangaroo_flying_kick,block_reduction_fp,int,,Actions,AM20,1,1,Источник Actions.Block Reduction FP
914,action,kangaroo_flying_kick,dodge_base_chance_fp,int,,Actions,AN20,1,1,Источник Actions.Dodge Base Chance FP
915,action,kangaroo_flying_kick,movement_mode,string,,Actions,AO20,1,1,Источник Actions.Movement Mode
916,action,kangaroo_flying_kick,move_distance,int,,Actions,AP20,1,1,Источник Actions.Move Distance
917,action,kangaroo_flying_kick,base_stagger,int,,Actions,AQ20,1,1,Источник Actions.Base Stagger
918,action,kangaroo_flying_kick,base_stun_ticks,int,,Actions,AR20,1,1,Источник Actions.Base Stun Ticks
919,action,kangaroo_flying_kick,base_knockback,int,,Actions,AS20,1,1,Источник Actions.Base Knockback
920,action,kangaroo_flying_kick,knockback_min,int,,Actions,AT20,1,1,Источник Actions.Knockback Min
921,action,kangaroo_flying_kick,knockback_max,int,,Actions,AU20,1,1,Источник Actions.Knockback Max
922,action,kangaroo_flying_kick,wall_damage_per_unit_fp,int,,Actions,AV20,1,1,Источник Actions.Wall Damage / Unit FP
923,action,kangaroo_flying_kick,wall_damage_min,int,,Actions,AW20,1,1,Источник Actions.Wall Damage Min
924,action,kangaroo_flying_kick,wall_damage_max,int,,Actions,AX20,1,1,Источник Actions.Wall Damage Max
925,action,kangaroo_flying_kick,max_consecutive_uses,int,,Actions,AY20,1,1,Источник Actions.Max Consecutive Uses
926,action,kangaroo_flying_kick,opportunity_cap_fp,int,,Actions,AZ20,1,1,Источник Actions.Opportunity Cap FP
927,action,kangaroo_flying_kick,hard_opportunity_misses,int,,Actions,BA20,1,1,Источник Actions.Hard Opportunity Misses
928,action,kangaroo_tail_counter,action_id,string,,Actions,A21,1,1,Источник Actions.Action ID
929,action,kangaroo_tail_counter,animal_id,string,,Actions,B21,1,1,Источник Actions.Animal ID
930,action,kangaroo_tail_counter,slot_type,string,,Actions,D21,1,1,Источник Actions.Slot Type
931,action,kangaroo_tail_counter,category,string,,Actions,E21,1,1,Источник Actions.Category
932,action,kangaroo_tail_counter,tags,string,,Actions,F21,1,1,Источник Actions.Tags
933,action,kangaroo_tail_counter,base_weight,int,,Actions,G21,1,1,Источник Actions.Base Weight
934,action,kangaroo_tail_counter,preferred_range_min,int,,Actions,H21,1,1,Источник Actions.Preferred Range Min
935,action,kangaroo_tail_counter,preferred_range_max,int,,Actions,I21,1,1,Источник Actions.Preferred Range Max
936,action,kangaroo_tail_counter,hit_range_min,int,,Actions,J21,1,1,Источник Actions.Hit Range Min
937,action,kangaroo_tail_counter,hit_range_max,int,,Actions,K21,1,1,Источник Actions.Hit Range Max
938,action,kangaroo_tail_counter,energy_cost,int,,Actions,L21,1,1,Источник Actions.Energy Cost
939,action,kangaroo_tail_counter,resource_cost,int,,Actions,M21,1,1,Источник Actions.Resource Cost
940,action,kangaroo_tail_counter,base_damage,int,,Actions,N21,1,1,Источник Actions.Base Damage / hit
941,action,kangaroo_tail_counter,power_ratio_fp,int,,Actions,O21,1,1,Источник Actions.Power Ratio FP
942,action,kangaroo_tail_counter,min_damage,int,,Actions,P21,1,1,Источник Actions.Min Damage
943,action,kangaroo_tail_counter,chip_min,int,,Actions,Q21,1,1,Источник Actions.Chip Min
944,action,kangaroo_tail_counter,startup_base_ticks,int,,Actions,R21,1,1,Источник Actions.Startup Base Ticks
945,action,kangaroo_tail_counter,startup_min_ticks,int,,Actions,S21,1,1,Источник Actions.Startup Min Ticks
946,action,kangaroo_tail_counter,startup_max_ticks,int,,Actions,T21,1,1,Источник Actions.Startup Max Ticks
947,action,kangaroo_tail_counter,active_ticks,int,,Actions,U21,1,1,Источник Actions.Active Ticks
948,action,kangaroo_tail_counter,hit_schedule,string,,Actions,V21,1,1,Источник Actions.Hit Schedule
949,action,kangaroo_tail_counter,hit_count,int,,Actions,W21,1,1,Источник Actions.Hit Count
950,action,kangaroo_tail_counter,recovery_base_ticks,int,,Actions,X21,1,1,Источник Actions.Recovery Base Ticks
951,action,kangaroo_tail_counter,recovery_min_ticks,int,,Actions,Y21,1,1,Источник Actions.Recovery Min Ticks
952,action,kangaroo_tail_counter,recovery_max_ticks,int,,Actions,Z21,1,1,Источник Actions.Recovery Max Ticks
953,action,kangaroo_tail_counter,cooldown_ticks,int,,Actions,AA21,1,1,Источник Actions.Cooldown Ticks
954,action,kangaroo_tail_counter,action_priority,int,,Actions,AB21,1,1,Источник Actions.Action Priority
955,action,kangaroo_tail_counter,clash_priority,int,,Actions,AC21,1,1,Источник Actions.Clash Priority
956,action,kangaroo_tail_counter,grab_priority,int,,Actions,AD21,1,1,Источник Actions.Grab Priority
957,action,kangaroo_tail_counter,resolution_priority,int,,Actions,AE21,1,1,Источник Actions.Resolution Priority
958,action,kangaroo_tail_counter,interrupt_profile,string,,Actions,AF21,1,1,Источник Actions.Interrupt Profile
959,action,kangaroo_tail_counter,blockable,bool,,Actions,AG21,1,1,Источник Actions.Blockable
960,action,kangaroo_tail_counter,dodgeable,bool,,Actions,AH21,1,1,Источник Actions.Dodgeable
961,action,kangaroo_tail_counter,undodgeable,bool,,Actions,AI21,1,1,Источник Actions.Undodgeable
962,action,kangaroo_tail_counter,wall_impact,bool,,Actions,AJ21,1,1,Источник Actions.Wall Impact
963,action,kangaroo_tail_counter,track_target,bool,,Actions,AK21,1,1,Источник Actions.Track Target
964,action,kangaroo_tail_counter,block_base_chance_fp,int,,Actions,AL21,1,1,Источник Actions.Block Base Chance FP
965,action,kangaroo_tail_counter,block_reduction_fp,int,,Actions,AM21,1,1,Источник Actions.Block Reduction FP
966,action,kangaroo_tail_counter,dodge_base_chance_fp,int,,Actions,AN21,1,1,Источник Actions.Dodge Base Chance FP
967,action,kangaroo_tail_counter,movement_mode,string,,Actions,AO21,1,1,Источник Actions.Movement Mode
968,action,kangaroo_tail_counter,move_distance,int,,Actions,AP21,1,1,Источник Actions.Move Distance
969,action,kangaroo_tail_counter,base_stagger,int,,Actions,AQ21,1,1,Источник Actions.Base Stagger
970,action,kangaroo_tail_counter,base_stun_ticks,int,,Actions,AR21,1,1,Источник Actions.Base Stun Ticks
971,action,kangaroo_tail_counter,base_knockback,int,,Actions,AS21,1,1,Источник Actions.Base Knockback
972,action,kangaroo_tail_counter,knockback_min,int,,Actions,AT21,1,1,Источник Actions.Knockback Min
973,action,kangaroo_tail_counter,knockback_max,int,,Actions,AU21,1,1,Источник Actions.Knockback Max
974,action,kangaroo_tail_counter,wall_damage_per_unit_fp,int,,Actions,AV21,1,1,Источник Actions.Wall Damage / Unit FP
975,action,kangaroo_tail_counter,wall_damage_min,int,,Actions,AW21,1,1,Источник Actions.Wall Damage Min
976,action,kangaroo_tail_counter,wall_damage_max,int,,Actions,AX21,1,1,Источник Actions.Wall Damage Max
977,action,kangaroo_tail_counter,max_consecutive_uses,int,,Actions,AY21,1,1,Источник Actions.Max Consecutive Uses
978,action,kangaroo_tail_counter,opportunity_cap_fp,int,,Actions,AZ21,1,1,Источник Actions.Opportunity Cap FP
979,action,kangaroo_tail_counter,hard_opportunity_misses,int,,Actions,BA21,1,1,Источник Actions.Hard Opportunity Misses
980,action,kangaroo_tempo_barrage,action_id,string,,Actions,A22,1,1,Источник Actions.Action ID
981,action,kangaroo_tempo_barrage,animal_id,string,,Actions,B22,1,1,Источник Actions.Animal ID
982,action,kangaroo_tempo_barrage,slot_type,string,,Actions,D22,1,1,Источник Actions.Slot Type
983,action,kangaroo_tempo_barrage,category,string,,Actions,E22,1,1,Источник Actions.Category
984,action,kangaroo_tempo_barrage,tags,string,,Actions,F22,1,1,Источник Actions.Tags
985,action,kangaroo_tempo_barrage,base_weight,int,,Actions,G22,1,1,Источник Actions.Base Weight
986,action,kangaroo_tempo_barrage,preferred_range_min,int,,Actions,H22,1,1,Источник Actions.Preferred Range Min
987,action,kangaroo_tempo_barrage,preferred_range_max,int,,Actions,I22,1,1,Источник Actions.Preferred Range Max
988,action,kangaroo_tempo_barrage,hit_range_min,int,,Actions,J22,1,1,Источник Actions.Hit Range Min
989,action,kangaroo_tempo_barrage,hit_range_max,int,,Actions,K22,1,1,Источник Actions.Hit Range Max
990,action,kangaroo_tempo_barrage,energy_cost,int,,Actions,L22,1,1,Источник Actions.Energy Cost
991,action,kangaroo_tempo_barrage,resource_cost,int,,Actions,M22,1,1,Источник Actions.Resource Cost
992,action,kangaroo_tempo_barrage,base_damage,int,,Actions,N22,1,1,Источник Actions.Base Damage / hit
993,action,kangaroo_tempo_barrage,power_ratio_fp,int,,Actions,O22,1,1,Источник Actions.Power Ratio FP
994,action,kangaroo_tempo_barrage,min_damage,int,,Actions,P22,1,1,Источник Actions.Min Damage
995,action,kangaroo_tempo_barrage,chip_min,int,,Actions,Q22,1,1,Источник Actions.Chip Min
996,action,kangaroo_tempo_barrage,startup_base_ticks,int,,Actions,R22,1,1,Источник Actions.Startup Base Ticks
997,action,kangaroo_tempo_barrage,startup_min_ticks,int,,Actions,S22,1,1,Источник Actions.Startup Min Ticks
998,action,kangaroo_tempo_barrage,startup_max_ticks,int,,Actions,T22,1,1,Источник Actions.Startup Max Ticks
999,action,kangaroo_tempo_barrage,active_ticks,int,,Actions,U22,1,1,Источник Actions.Active Ticks
1000,action,kangaroo_tempo_barrage,hit_schedule,string,,Actions,V22,1,1,Источник Actions.Hit Schedule
1001,action,kangaroo_tempo_barrage,hit_count,int,,Actions,W22,1,1,Источник Actions.Hit Count
1002,action,kangaroo_tempo_barrage,recovery_base_ticks,int,,Actions,X22,1,1,Источник Actions.Recovery Base Ticks
1003,action,kangaroo_tempo_barrage,recovery_min_ticks,int,,Actions,Y22,1,1,Источник Actions.Recovery Min Ticks
1004,action,kangaroo_tempo_barrage,recovery_max_ticks,int,,Actions,Z22,1,1,Источник Actions.Recovery Max Ticks
1005,action,kangaroo_tempo_barrage,cooldown_ticks,int,,Actions,AA22,1,1,Источник Actions.Cooldown Ticks
1006,action,kangaroo_tempo_barrage,action_priority,int,,Actions,AB22,1,1,Источник Actions.Action Priority
1007,action,kangaroo_tempo_barrage,clash_priority,int,,Actions,AC22,1,1,Источник Actions.Clash Priority
1008,action,kangaroo_tempo_barrage,grab_priority,int,,Actions,AD22,1,1,Источник Actions.Grab Priority
1009,action,kangaroo_tempo_barrage,resolution_priority,int,,Actions,AE22,1,1,Источник Actions.Resolution Priority
1010,action,kangaroo_tempo_barrage,interrupt_profile,string,,Actions,AF22,1,1,Источник Actions.Interrupt Profile
1011,action,kangaroo_tempo_barrage,blockable,bool,,Actions,AG22,1,1,Источник Actions.Blockable
1012,action,kangaroo_tempo_barrage,dodgeable,bool,,Actions,AH22,1,1,Источник Actions.Dodgeable
1013,action,kangaroo_tempo_barrage,undodgeable,bool,,Actions,AI22,1,1,Источник Actions.Undodgeable
1014,action,kangaroo_tempo_barrage,wall_impact,bool,,Actions,AJ22,1,1,Источник Actions.Wall Impact
1015,action,kangaroo_tempo_barrage,track_target,bool,,Actions,AK22,1,1,Источник Actions.Track Target
1016,action,kangaroo_tempo_barrage,block_base_chance_fp,int,,Actions,AL22,1,1,Источник Actions.Block Base Chance FP
1017,action,kangaroo_tempo_barrage,block_reduction_fp,int,,Actions,AM22,1,1,Источник Actions.Block Reduction FP
1018,action,kangaroo_tempo_barrage,dodge_base_chance_fp,int,,Actions,AN22,1,1,Источник Actions.Dodge Base Chance FP
1019,action,kangaroo_tempo_barrage,movement_mode,string,,Actions,AO22,1,1,Источник Actions.Movement Mode
1020,action,kangaroo_tempo_barrage,move_distance,int,,Actions,AP22,1,1,Источник Actions.Move Distance
1021,action,kangaroo_tempo_barrage,base_stagger,int,,Actions,AQ22,1,1,Источник Actions.Base Stagger
1022,action,kangaroo_tempo_barrage,base_stun_ticks,int,,Actions,AR22,1,1,Источник Actions.Base Stun Ticks
1023,action,kangaroo_tempo_barrage,base_knockback,int,,Actions,AS22,1,1,Источник Actions.Base Knockback
1024,action,kangaroo_tempo_barrage,knockback_min,int,,Actions,AT22,1,1,Источник Actions.Knockback Min
1025,action,kangaroo_tempo_barrage,knockback_max,int,,Actions,AU22,1,1,Источник Actions.Knockback Max
1026,action,kangaroo_tempo_barrage,wall_damage_per_unit_fp,int,,Actions,AV22,1,1,Источник Actions.Wall Damage / Unit FP
1027,action,kangaroo_tempo_barrage,wall_damage_min,int,,Actions,AW22,1,1,Источник Actions.Wall Damage Min
1028,action,kangaroo_tempo_barrage,wall_damage_max,int,,Actions,AX22,1,1,Источник Actions.Wall Damage Max
1029,action,kangaroo_tempo_barrage,max_consecutive_uses,int,,Actions,AY22,1,1,Источник Actions.Max Consecutive Uses
1030,action,kangaroo_tempo_barrage,opportunity_cap_fp,int,,Actions,AZ22,1,1,Источник Actions.Opportunity Cap FP
1031,action,kangaroo_tempo_barrage,hard_opportunity_misses,int,,Actions,BA22,1,1,Источник Actions.Hard Opportunity Misses
1032,action,gorilla_hammer_fist,action_id,string,,Actions,A23,1,1,Источник Actions.Action ID
1033,action,gorilla_hammer_fist,animal_id,string,,Actions,B23,1,1,Источник Actions.Animal ID
1034,action,gorilla_hammer_fist,slot_type,string,,Actions,D23,1,1,Источник Actions.Slot Type
1035,action,gorilla_hammer_fist,category,string,,Actions,E23,1,1,Источник Actions.Category
1036,action,gorilla_hammer_fist,tags,string,,Actions,F23,1,1,Источник Actions.Tags
1037,action,gorilla_hammer_fist,base_weight,int,,Actions,G23,1,1,Источник Actions.Base Weight
1038,action,gorilla_hammer_fist,preferred_range_min,int,,Actions,H23,1,1,Источник Actions.Preferred Range Min
1039,action,gorilla_hammer_fist,preferred_range_max,int,,Actions,I23,1,1,Источник Actions.Preferred Range Max
1040,action,gorilla_hammer_fist,hit_range_min,int,,Actions,J23,1,1,Источник Actions.Hit Range Min
1041,action,gorilla_hammer_fist,hit_range_max,int,,Actions,K23,1,1,Источник Actions.Hit Range Max
1042,action,gorilla_hammer_fist,energy_cost,int,,Actions,L23,1,1,Источник Actions.Energy Cost
1043,action,gorilla_hammer_fist,resource_cost,int,,Actions,M23,1,1,Источник Actions.Resource Cost
1044,action,gorilla_hammer_fist,base_damage,int,,Actions,N23,1,1,Источник Actions.Base Damage / hit
1045,action,gorilla_hammer_fist,power_ratio_fp,int,,Actions,O23,1,1,Источник Actions.Power Ratio FP
1046,action,gorilla_hammer_fist,min_damage,int,,Actions,P23,1,1,Источник Actions.Min Damage
1047,action,gorilla_hammer_fist,chip_min,int,,Actions,Q23,1,1,Источник Actions.Chip Min
1048,action,gorilla_hammer_fist,startup_base_ticks,int,,Actions,R23,1,1,Источник Actions.Startup Base Ticks
1049,action,gorilla_hammer_fist,startup_min_ticks,int,,Actions,S23,1,1,Источник Actions.Startup Min Ticks
1050,action,gorilla_hammer_fist,startup_max_ticks,int,,Actions,T23,1,1,Источник Actions.Startup Max Ticks
1051,action,gorilla_hammer_fist,active_ticks,int,,Actions,U23,1,1,Источник Actions.Active Ticks
1052,action,gorilla_hammer_fist,hit_schedule,string,,Actions,V23,1,1,Источник Actions.Hit Schedule
1053,action,gorilla_hammer_fist,hit_count,int,,Actions,W23,1,1,Источник Actions.Hit Count
1054,action,gorilla_hammer_fist,recovery_base_ticks,int,,Actions,X23,1,1,Источник Actions.Recovery Base Ticks
1055,action,gorilla_hammer_fist,recovery_min_ticks,int,,Actions,Y23,1,1,Источник Actions.Recovery Min Ticks
1056,action,gorilla_hammer_fist,recovery_max_ticks,int,,Actions,Z23,1,1,Источник Actions.Recovery Max Ticks
1057,action,gorilla_hammer_fist,cooldown_ticks,int,,Actions,AA23,1,1,Источник Actions.Cooldown Ticks
1058,action,gorilla_hammer_fist,action_priority,int,,Actions,AB23,1,1,Источник Actions.Action Priority
1059,action,gorilla_hammer_fist,clash_priority,int,,Actions,AC23,1,1,Источник Actions.Clash Priority
1060,action,gorilla_hammer_fist,grab_priority,int,,Actions,AD23,1,1,Источник Actions.Grab Priority
1061,action,gorilla_hammer_fist,resolution_priority,int,,Actions,AE23,1,1,Источник Actions.Resolution Priority
1062,action,gorilla_hammer_fist,interrupt_profile,string,,Actions,AF23,1,1,Источник Actions.Interrupt Profile
1063,action,gorilla_hammer_fist,blockable,bool,,Actions,AG23,1,1,Источник Actions.Blockable
1064,action,gorilla_hammer_fist,dodgeable,bool,,Actions,AH23,1,1,Источник Actions.Dodgeable
1065,action,gorilla_hammer_fist,undodgeable,bool,,Actions,AI23,1,1,Источник Actions.Undodgeable
1066,action,gorilla_hammer_fist,wall_impact,bool,,Actions,AJ23,1,1,Источник Actions.Wall Impact
1067,action,gorilla_hammer_fist,track_target,bool,,Actions,AK23,1,1,Источник Actions.Track Target
1068,action,gorilla_hammer_fist,block_base_chance_fp,int,,Actions,AL23,1,1,Источник Actions.Block Base Chance FP
1069,action,gorilla_hammer_fist,block_reduction_fp,int,,Actions,AM23,1,1,Источник Actions.Block Reduction FP
1070,action,gorilla_hammer_fist,dodge_base_chance_fp,int,,Actions,AN23,1,1,Источник Actions.Dodge Base Chance FP
1071,action,gorilla_hammer_fist,movement_mode,string,,Actions,AO23,1,1,Источник Actions.Movement Mode
1072,action,gorilla_hammer_fist,move_distance,int,,Actions,AP23,1,1,Источник Actions.Move Distance
1073,action,gorilla_hammer_fist,base_stagger,int,,Actions,AQ23,1,1,Источник Actions.Base Stagger
1074,action,gorilla_hammer_fist,base_stun_ticks,int,,Actions,AR23,1,1,Источник Actions.Base Stun Ticks
1075,action,gorilla_hammer_fist,base_knockback,int,,Actions,AS23,1,1,Источник Actions.Base Knockback
1076,action,gorilla_hammer_fist,knockback_min,int,,Actions,AT23,1,1,Источник Actions.Knockback Min
1077,action,gorilla_hammer_fist,knockback_max,int,,Actions,AU23,1,1,Источник Actions.Knockback Max
1078,action,gorilla_hammer_fist,wall_damage_per_unit_fp,int,,Actions,AV23,1,1,Источник Actions.Wall Damage / Unit FP
1079,action,gorilla_hammer_fist,wall_damage_min,int,,Actions,AW23,1,1,Источник Actions.Wall Damage Min
1080,action,gorilla_hammer_fist,wall_damage_max,int,,Actions,AX23,1,1,Источник Actions.Wall Damage Max
1081,action,gorilla_hammer_fist,max_consecutive_uses,int,,Actions,AY23,1,1,Источник Actions.Max Consecutive Uses
1082,action,gorilla_hammer_fist,opportunity_cap_fp,int,,Actions,AZ23,1,1,Источник Actions.Opportunity Cap FP
1083,action,gorilla_hammer_fist,hard_opportunity_misses,int,,Actions,BA23,1,1,Источник Actions.Hard Opportunity Misses
1084,action,gorilla_driving_shove,action_id,string,,Actions,A24,1,1,Источник Actions.Action ID
1085,action,gorilla_driving_shove,animal_id,string,,Actions,B24,1,1,Источник Actions.Animal ID
1086,action,gorilla_driving_shove,slot_type,string,,Actions,D24,1,1,Источник Actions.Slot Type
1087,action,gorilla_driving_shove,category,string,,Actions,E24,1,1,Источник Actions.Category
1088,action,gorilla_driving_shove,tags,string,,Actions,F24,1,1,Источник Actions.Tags
1089,action,gorilla_driving_shove,base_weight,int,,Actions,G24,1,1,Источник Actions.Base Weight
1090,action,gorilla_driving_shove,preferred_range_min,int,,Actions,H24,1,1,Источник Actions.Preferred Range Min
1091,action,gorilla_driving_shove,preferred_range_max,int,,Actions,I24,1,1,Источник Actions.Preferred Range Max
1092,action,gorilla_driving_shove,hit_range_min,int,,Actions,J24,1,1,Источник Actions.Hit Range Min
1093,action,gorilla_driving_shove,hit_range_max,int,,Actions,K24,1,1,Источник Actions.Hit Range Max
1094,action,gorilla_driving_shove,energy_cost,int,,Actions,L24,1,1,Источник Actions.Energy Cost
1095,action,gorilla_driving_shove,resource_cost,int,,Actions,M24,1,1,Источник Actions.Resource Cost
1096,action,gorilla_driving_shove,base_damage,int,,Actions,N24,1,1,Источник Actions.Base Damage / hit
1097,action,gorilla_driving_shove,power_ratio_fp,int,,Actions,O24,1,1,Источник Actions.Power Ratio FP
1098,action,gorilla_driving_shove,min_damage,int,,Actions,P24,1,1,Источник Actions.Min Damage
1099,action,gorilla_driving_shove,chip_min,int,,Actions,Q24,1,1,Источник Actions.Chip Min
1100,action,gorilla_driving_shove,startup_base_ticks,int,,Actions,R24,1,1,Источник Actions.Startup Base Ticks
1101,action,gorilla_driving_shove,startup_min_ticks,int,,Actions,S24,1,1,Источник Actions.Startup Min Ticks
1102,action,gorilla_driving_shove,startup_max_ticks,int,,Actions,T24,1,1,Источник Actions.Startup Max Ticks
1103,action,gorilla_driving_shove,active_ticks,int,,Actions,U24,1,1,Источник Actions.Active Ticks
1104,action,gorilla_driving_shove,hit_schedule,string,,Actions,V24,1,1,Источник Actions.Hit Schedule
1105,action,gorilla_driving_shove,hit_count,int,,Actions,W24,1,1,Источник Actions.Hit Count
1106,action,gorilla_driving_shove,recovery_base_ticks,int,,Actions,X24,1,1,Источник Actions.Recovery Base Ticks
1107,action,gorilla_driving_shove,recovery_min_ticks,int,,Actions,Y24,1,1,Источник Actions.Recovery Min Ticks
1108,action,gorilla_driving_shove,recovery_max_ticks,int,,Actions,Z24,1,1,Источник Actions.Recovery Max Ticks
1109,action,gorilla_driving_shove,cooldown_ticks,int,,Actions,AA24,1,1,Источник Actions.Cooldown Ticks
1110,action,gorilla_driving_shove,action_priority,int,,Actions,AB24,1,1,Источник Actions.Action Priority
1111,action,gorilla_driving_shove,clash_priority,int,,Actions,AC24,1,1,Источник Actions.Clash Priority
1112,action,gorilla_driving_shove,grab_priority,int,,Actions,AD24,1,1,Источник Actions.Grab Priority
1113,action,gorilla_driving_shove,resolution_priority,int,,Actions,AE24,1,1,Источник Actions.Resolution Priority
1114,action,gorilla_driving_shove,interrupt_profile,string,,Actions,AF24,1,1,Источник Actions.Interrupt Profile
1115,action,gorilla_driving_shove,blockable,bool,,Actions,AG24,1,1,Источник Actions.Blockable
1116,action,gorilla_driving_shove,dodgeable,bool,,Actions,AH24,1,1,Источник Actions.Dodgeable
1117,action,gorilla_driving_shove,undodgeable,bool,,Actions,AI24,1,1,Источник Actions.Undodgeable
1118,action,gorilla_driving_shove,wall_impact,bool,,Actions,AJ24,1,1,Источник Actions.Wall Impact
1119,action,gorilla_driving_shove,track_target,bool,,Actions,AK24,1,1,Источник Actions.Track Target
1120,action,gorilla_driving_shove,block_base_chance_fp,int,,Actions,AL24,1,1,Источник Actions.Block Base Chance FP
1121,action,gorilla_driving_shove,block_reduction_fp,int,,Actions,AM24,1,1,Источник Actions.Block Reduction FP
1122,action,gorilla_driving_shove,dodge_base_chance_fp,int,,Actions,AN24,1,1,Источник Actions.Dodge Base Chance FP
1123,action,gorilla_driving_shove,movement_mode,string,,Actions,AO24,1,1,Источник Actions.Movement Mode
1124,action,gorilla_driving_shove,move_distance,int,,Actions,AP24,1,1,Источник Actions.Move Distance
1125,action,gorilla_driving_shove,base_stagger,int,,Actions,AQ24,1,1,Источник Actions.Base Stagger
1126,action,gorilla_driving_shove,base_stun_ticks,int,,Actions,AR24,1,1,Источник Actions.Base Stun Ticks
1127,action,gorilla_driving_shove,base_knockback,int,,Actions,AS24,1,1,Источник Actions.Base Knockback
1128,action,gorilla_driving_shove,knockback_min,int,,Actions,AT24,1,1,Источник Actions.Knockback Min
1129,action,gorilla_driving_shove,knockback_max,int,,Actions,AU24,1,1,Источник Actions.Knockback Max
1130,action,gorilla_driving_shove,wall_damage_per_unit_fp,int,,Actions,AV24,1,1,Источник Actions.Wall Damage / Unit FP
1131,action,gorilla_driving_shove,wall_damage_min,int,,Actions,AW24,1,1,Источник Actions.Wall Damage Min
1132,action,gorilla_driving_shove,wall_damage_max,int,,Actions,AX24,1,1,Источник Actions.Wall Damage Max
1133,action,gorilla_driving_shove,max_consecutive_uses,int,,Actions,AY24,1,1,Источник Actions.Max Consecutive Uses
1134,action,gorilla_driving_shove,opportunity_cap_fp,int,,Actions,AZ24,1,1,Источник Actions.Opportunity Cap FP
1135,action,gorilla_driving_shove,hard_opportunity_misses,int,,Actions,BA24,1,1,Источник Actions.Hard Opportunity Misses
1136,action,gorilla_high_guard,action_id,string,,Actions,A25,1,1,Источник Actions.Action ID
1137,action,gorilla_high_guard,animal_id,string,,Actions,B25,1,1,Источник Actions.Animal ID
1138,action,gorilla_high_guard,slot_type,string,,Actions,D25,1,1,Источник Actions.Slot Type
1139,action,gorilla_high_guard,category,string,,Actions,E25,1,1,Источник Actions.Category
1140,action,gorilla_high_guard,tags,string,,Actions,F25,1,1,Источник Actions.Tags
1141,action,gorilla_high_guard,base_weight,int,,Actions,G25,1,1,Источник Actions.Base Weight
1142,action,gorilla_high_guard,preferred_range_min,int,,Actions,H25,1,1,Источник Actions.Preferred Range Min
1143,action,gorilla_high_guard,preferred_range_max,int,,Actions,I25,1,1,Источник Actions.Preferred Range Max
1144,action,gorilla_high_guard,hit_range_min,int,,Actions,J25,1,1,Источник Actions.Hit Range Min
1145,action,gorilla_high_guard,hit_range_max,int,,Actions,K25,1,1,Источник Actions.Hit Range Max
1146,action,gorilla_high_guard,energy_cost,int,,Actions,L25,1,1,Источник Actions.Energy Cost
1147,action,gorilla_high_guard,resource_cost,int,,Actions,M25,1,1,Источник Actions.Resource Cost
1148,action,gorilla_high_guard,base_damage,int,,Actions,N25,1,1,Источник Actions.Base Damage / hit
1149,action,gorilla_high_guard,power_ratio_fp,int,,Actions,O25,1,1,Источник Actions.Power Ratio FP
1150,action,gorilla_high_guard,min_damage,int,,Actions,P25,1,1,Источник Actions.Min Damage
1151,action,gorilla_high_guard,chip_min,int,,Actions,Q25,1,1,Источник Actions.Chip Min
1152,action,gorilla_high_guard,startup_base_ticks,int,,Actions,R25,1,1,Источник Actions.Startup Base Ticks
1153,action,gorilla_high_guard,startup_min_ticks,int,,Actions,S25,1,1,Источник Actions.Startup Min Ticks
1154,action,gorilla_high_guard,startup_max_ticks,int,,Actions,T25,1,1,Источник Actions.Startup Max Ticks
1155,action,gorilla_high_guard,active_ticks,int,,Actions,U25,1,1,Источник Actions.Active Ticks
1156,action,gorilla_high_guard,hit_schedule,string,,Actions,V25,1,1,Источник Actions.Hit Schedule
1157,action,gorilla_high_guard,hit_count,int,,Actions,W25,1,1,Источник Actions.Hit Count
1158,action,gorilla_high_guard,recovery_base_ticks,int,,Actions,X25,1,1,Источник Actions.Recovery Base Ticks
1159,action,gorilla_high_guard,recovery_min_ticks,int,,Actions,Y25,1,1,Источник Actions.Recovery Min Ticks
1160,action,gorilla_high_guard,recovery_max_ticks,int,,Actions,Z25,1,1,Источник Actions.Recovery Max Ticks
1161,action,gorilla_high_guard,cooldown_ticks,int,,Actions,AA25,1,1,Источник Actions.Cooldown Ticks
1162,action,gorilla_high_guard,action_priority,int,,Actions,AB25,1,1,Источник Actions.Action Priority
1163,action,gorilla_high_guard,clash_priority,int,,Actions,AC25,1,1,Источник Actions.Clash Priority
1164,action,gorilla_high_guard,grab_priority,int,,Actions,AD25,1,1,Источник Actions.Grab Priority
1165,action,gorilla_high_guard,resolution_priority,int,,Actions,AE25,1,1,Источник Actions.Resolution Priority
1166,action,gorilla_high_guard,interrupt_profile,string,,Actions,AF25,1,1,Источник Actions.Interrupt Profile
1167,action,gorilla_high_guard,blockable,bool,,Actions,AG25,1,1,Источник Actions.Blockable
1168,action,gorilla_high_guard,dodgeable,bool,,Actions,AH25,1,1,Источник Actions.Dodgeable
1169,action,gorilla_high_guard,undodgeable,bool,,Actions,AI25,1,1,Источник Actions.Undodgeable
1170,action,gorilla_high_guard,wall_impact,bool,,Actions,AJ25,1,1,Источник Actions.Wall Impact
1171,action,gorilla_high_guard,track_target,bool,,Actions,AK25,1,1,Источник Actions.Track Target
1172,action,gorilla_high_guard,block_base_chance_fp,int,,Actions,AL25,1,1,Источник Actions.Block Base Chance FP
1173,action,gorilla_high_guard,block_reduction_fp,int,,Actions,AM25,1,1,Источник Actions.Block Reduction FP
1174,action,gorilla_high_guard,dodge_base_chance_fp,int,,Actions,AN25,1,1,Источник Actions.Dodge Base Chance FP
1175,action,gorilla_high_guard,movement_mode,string,,Actions,AO25,1,1,Источник Actions.Movement Mode
1176,action,gorilla_high_guard,move_distance,int,,Actions,AP25,1,1,Источник Actions.Move Distance
1177,action,gorilla_high_guard,base_stagger,int,,Actions,AQ25,1,1,Источник Actions.Base Stagger
1178,action,gorilla_high_guard,base_stun_ticks,int,,Actions,AR25,1,1,Источник Actions.Base Stun Ticks
1179,action,gorilla_high_guard,base_knockback,int,,Actions,AS25,1,1,Источник Actions.Base Knockback
1180,action,gorilla_high_guard,knockback_min,int,,Actions,AT25,1,1,Источник Actions.Knockback Min
1181,action,gorilla_high_guard,knockback_max,int,,Actions,AU25,1,1,Источник Actions.Knockback Max
1182,action,gorilla_high_guard,wall_damage_per_unit_fp,int,,Actions,AV25,1,1,Источник Actions.Wall Damage / Unit FP
1183,action,gorilla_high_guard,wall_damage_min,int,,Actions,AW25,1,1,Источник Actions.Wall Damage Min
1184,action,gorilla_high_guard,wall_damage_max,int,,Actions,AX25,1,1,Источник Actions.Wall Damage Max
1185,action,gorilla_high_guard,max_consecutive_uses,int,,Actions,AY25,1,1,Источник Actions.Max Consecutive Uses
1186,action,gorilla_high_guard,opportunity_cap_fp,int,,Actions,AZ25,1,1,Источник Actions.Opportunity Cap FP
1187,action,gorilla_high_guard,hard_opportunity_misses,int,,Actions,BA25,1,1,Источник Actions.Hard Opportunity Misses
1188,action,gorilla_clinch_check,action_id,string,,Actions,A26,1,1,Источник Actions.Action ID
1189,action,gorilla_clinch_check,animal_id,string,,Actions,B26,1,1,Источник Actions.Animal ID
1190,action,gorilla_clinch_check,slot_type,string,,Actions,D26,1,1,Источник Actions.Slot Type
1191,action,gorilla_clinch_check,category,string,,Actions,E26,1,1,Источник Actions.Category
1192,action,gorilla_clinch_check,tags,string,,Actions,F26,1,1,Источник Actions.Tags
1193,action,gorilla_clinch_check,base_weight,int,,Actions,G26,1,1,Источник Actions.Base Weight
1194,action,gorilla_clinch_check,preferred_range_min,int,,Actions,H26,1,1,Источник Actions.Preferred Range Min
1195,action,gorilla_clinch_check,preferred_range_max,int,,Actions,I26,1,1,Источник Actions.Preferred Range Max
1196,action,gorilla_clinch_check,hit_range_min,int,,Actions,J26,1,1,Источник Actions.Hit Range Min
1197,action,gorilla_clinch_check,hit_range_max,int,,Actions,K26,1,1,Источник Actions.Hit Range Max
1198,action,gorilla_clinch_check,energy_cost,int,,Actions,L26,1,1,Источник Actions.Energy Cost
1199,action,gorilla_clinch_check,resource_cost,int,,Actions,M26,1,1,Источник Actions.Resource Cost
1200,action,gorilla_clinch_check,base_damage,int,,Actions,N26,1,1,Источник Actions.Base Damage / hit
1201,action,gorilla_clinch_check,power_ratio_fp,int,,Actions,O26,1,1,Источник Actions.Power Ratio FP
1202,action,gorilla_clinch_check,min_damage,int,,Actions,P26,1,1,Источник Actions.Min Damage
1203,action,gorilla_clinch_check,chip_min,int,,Actions,Q26,1,1,Источник Actions.Chip Min
1204,action,gorilla_clinch_check,startup_base_ticks,int,,Actions,R26,1,1,Источник Actions.Startup Base Ticks
1205,action,gorilla_clinch_check,startup_min_ticks,int,,Actions,S26,1,1,Источник Actions.Startup Min Ticks
1206,action,gorilla_clinch_check,startup_max_ticks,int,,Actions,T26,1,1,Источник Actions.Startup Max Ticks
1207,action,gorilla_clinch_check,active_ticks,int,,Actions,U26,1,1,Источник Actions.Active Ticks
1208,action,gorilla_clinch_check,hit_schedule,string,,Actions,V26,1,1,Источник Actions.Hit Schedule
1209,action,gorilla_clinch_check,hit_count,int,,Actions,W26,1,1,Источник Actions.Hit Count
1210,action,gorilla_clinch_check,recovery_base_ticks,int,,Actions,X26,1,1,Источник Actions.Recovery Base Ticks
1211,action,gorilla_clinch_check,recovery_min_ticks,int,,Actions,Y26,1,1,Источник Actions.Recovery Min Ticks
1212,action,gorilla_clinch_check,recovery_max_ticks,int,,Actions,Z26,1,1,Источник Actions.Recovery Max Ticks
1213,action,gorilla_clinch_check,cooldown_ticks,int,,Actions,AA26,1,1,Источник Actions.Cooldown Ticks
1214,action,gorilla_clinch_check,action_priority,int,,Actions,AB26,1,1,Источник Actions.Action Priority
1215,action,gorilla_clinch_check,clash_priority,int,,Actions,AC26,1,1,Источник Actions.Clash Priority
1216,action,gorilla_clinch_check,grab_priority,int,,Actions,AD26,1,1,Источник Actions.Grab Priority
1217,action,gorilla_clinch_check,resolution_priority,int,,Actions,AE26,1,1,Источник Actions.Resolution Priority
1218,action,gorilla_clinch_check,interrupt_profile,string,,Actions,AF26,1,1,Источник Actions.Interrupt Profile
1219,action,gorilla_clinch_check,blockable,bool,,Actions,AG26,1,1,Источник Actions.Blockable
1220,action,gorilla_clinch_check,dodgeable,bool,,Actions,AH26,1,1,Источник Actions.Dodgeable
1221,action,gorilla_clinch_check,undodgeable,bool,,Actions,AI26,1,1,Источник Actions.Undodgeable
1222,action,gorilla_clinch_check,wall_impact,bool,,Actions,AJ26,1,1,Источник Actions.Wall Impact
1223,action,gorilla_clinch_check,track_target,bool,,Actions,AK26,1,1,Источник Actions.Track Target
1224,action,gorilla_clinch_check,block_base_chance_fp,int,,Actions,AL26,1,1,Источник Actions.Block Base Chance FP
1225,action,gorilla_clinch_check,block_reduction_fp,int,,Actions,AM26,1,1,Источник Actions.Block Reduction FP
1226,action,gorilla_clinch_check,dodge_base_chance_fp,int,,Actions,AN26,1,1,Источник Actions.Dodge Base Chance FP
1227,action,gorilla_clinch_check,movement_mode,string,,Actions,AO26,1,1,Источник Actions.Movement Mode
1228,action,gorilla_clinch_check,move_distance,int,,Actions,AP26,1,1,Источник Actions.Move Distance
1229,action,gorilla_clinch_check,base_stagger,int,,Actions,AQ26,1,1,Источник Actions.Base Stagger
1230,action,gorilla_clinch_check,base_stun_ticks,int,,Actions,AR26,1,1,Источник Actions.Base Stun Ticks
1231,action,gorilla_clinch_check,base_knockback,int,,Actions,AS26,1,1,Источник Actions.Base Knockback
1232,action,gorilla_clinch_check,knockback_min,int,,Actions,AT26,1,1,Источник Actions.Knockback Min
1233,action,gorilla_clinch_check,knockback_max,int,,Actions,AU26,1,1,Источник Actions.Knockback Max
1234,action,gorilla_clinch_check,wall_damage_per_unit_fp,int,,Actions,AV26,1,1,Источник Actions.Wall Damage / Unit FP
1235,action,gorilla_clinch_check,wall_damage_min,int,,Actions,AW26,1,1,Источник Actions.Wall Damage Min
1236,action,gorilla_clinch_check,wall_damage_max,int,,Actions,AX26,1,1,Источник Actions.Wall Damage Max
1237,action,gorilla_clinch_check,max_consecutive_uses,int,,Actions,AY26,1,1,Источник Actions.Max Consecutive Uses
1238,action,gorilla_clinch_check,opportunity_cap_fp,int,,Actions,AZ26,1,1,Источник Actions.Opportunity Cap FP
1239,action,gorilla_clinch_check,hard_opportunity_misses,int,,Actions,BA26,1,1,Источник Actions.Hard Opportunity Misses
1240,action,gorilla_pivot_throw,action_id,string,,Actions,A27,1,1,Источник Actions.Action ID
1241,action,gorilla_pivot_throw,animal_id,string,,Actions,B27,1,1,Источник Actions.Animal ID
1242,action,gorilla_pivot_throw,slot_type,string,,Actions,D27,1,1,Источник Actions.Slot Type
1243,action,gorilla_pivot_throw,category,string,,Actions,E27,1,1,Источник Actions.Category
1244,action,gorilla_pivot_throw,tags,string,,Actions,F27,1,1,Источник Actions.Tags
1245,action,gorilla_pivot_throw,base_weight,int,,Actions,G27,1,1,Источник Actions.Base Weight
1246,action,gorilla_pivot_throw,preferred_range_min,int,,Actions,H27,1,1,Источник Actions.Preferred Range Min
1247,action,gorilla_pivot_throw,preferred_range_max,int,,Actions,I27,1,1,Источник Actions.Preferred Range Max
1248,action,gorilla_pivot_throw,hit_range_min,int,,Actions,J27,1,1,Источник Actions.Hit Range Min
1249,action,gorilla_pivot_throw,hit_range_max,int,,Actions,K27,1,1,Источник Actions.Hit Range Max
1250,action,gorilla_pivot_throw,energy_cost,int,,Actions,L27,1,1,Источник Actions.Energy Cost
1251,action,gorilla_pivot_throw,resource_cost,int,,Actions,M27,1,1,Источник Actions.Resource Cost
1252,action,gorilla_pivot_throw,base_damage,int,,Actions,N27,1,1,Источник Actions.Base Damage / hit
1253,action,gorilla_pivot_throw,power_ratio_fp,int,,Actions,O27,1,1,Источник Actions.Power Ratio FP
1254,action,gorilla_pivot_throw,min_damage,int,,Actions,P27,1,1,Источник Actions.Min Damage
1255,action,gorilla_pivot_throw,chip_min,int,,Actions,Q27,1,1,Источник Actions.Chip Min
1256,action,gorilla_pivot_throw,startup_base_ticks,int,,Actions,R27,1,1,Источник Actions.Startup Base Ticks
1257,action,gorilla_pivot_throw,startup_min_ticks,int,,Actions,S27,1,1,Источник Actions.Startup Min Ticks
1258,action,gorilla_pivot_throw,startup_max_ticks,int,,Actions,T27,1,1,Источник Actions.Startup Max Ticks
1259,action,gorilla_pivot_throw,active_ticks,int,,Actions,U27,1,1,Источник Actions.Active Ticks
1260,action,gorilla_pivot_throw,hit_schedule,string,,Actions,V27,1,1,Источник Actions.Hit Schedule
1261,action,gorilla_pivot_throw,hit_count,int,,Actions,W27,1,1,Источник Actions.Hit Count
1262,action,gorilla_pivot_throw,recovery_base_ticks,int,,Actions,X27,1,1,Источник Actions.Recovery Base Ticks
1263,action,gorilla_pivot_throw,recovery_min_ticks,int,,Actions,Y27,1,1,Источник Actions.Recovery Min Ticks
1264,action,gorilla_pivot_throw,recovery_max_ticks,int,,Actions,Z27,1,1,Источник Actions.Recovery Max Ticks
1265,action,gorilla_pivot_throw,cooldown_ticks,int,,Actions,AA27,1,1,Источник Actions.Cooldown Ticks
1266,action,gorilla_pivot_throw,action_priority,int,,Actions,AB27,1,1,Источник Actions.Action Priority
1267,action,gorilla_pivot_throw,clash_priority,int,,Actions,AC27,1,1,Источник Actions.Clash Priority
1268,action,gorilla_pivot_throw,grab_priority,int,,Actions,AD27,1,1,Источник Actions.Grab Priority
1269,action,gorilla_pivot_throw,resolution_priority,int,,Actions,AE27,1,1,Источник Actions.Resolution Priority
1270,action,gorilla_pivot_throw,interrupt_profile,string,,Actions,AF27,1,1,Источник Actions.Interrupt Profile
1271,action,gorilla_pivot_throw,blockable,bool,,Actions,AG27,1,1,Источник Actions.Blockable
1272,action,gorilla_pivot_throw,dodgeable,bool,,Actions,AH27,1,1,Источник Actions.Dodgeable
1273,action,gorilla_pivot_throw,undodgeable,bool,,Actions,AI27,1,1,Источник Actions.Undodgeable
1274,action,gorilla_pivot_throw,wall_impact,bool,,Actions,AJ27,1,1,Источник Actions.Wall Impact
1275,action,gorilla_pivot_throw,track_target,bool,,Actions,AK27,1,1,Источник Actions.Track Target
1276,action,gorilla_pivot_throw,block_base_chance_fp,int,,Actions,AL27,1,1,Источник Actions.Block Base Chance FP
1277,action,gorilla_pivot_throw,block_reduction_fp,int,,Actions,AM27,1,1,Источник Actions.Block Reduction FP
1278,action,gorilla_pivot_throw,dodge_base_chance_fp,int,,Actions,AN27,1,1,Источник Actions.Dodge Base Chance FP
1279,action,gorilla_pivot_throw,movement_mode,string,,Actions,AO27,1,1,Источник Actions.Movement Mode
1280,action,gorilla_pivot_throw,move_distance,int,,Actions,AP27,1,1,Источник Actions.Move Distance
1281,action,gorilla_pivot_throw,base_stagger,int,,Actions,AQ27,1,1,Источник Actions.Base Stagger
1282,action,gorilla_pivot_throw,base_stun_ticks,int,,Actions,AR27,1,1,Источник Actions.Base Stun Ticks
1283,action,gorilla_pivot_throw,base_knockback,int,,Actions,AS27,1,1,Источник Actions.Base Knockback
1284,action,gorilla_pivot_throw,knockback_min,int,,Actions,AT27,1,1,Источник Actions.Knockback Min
1285,action,gorilla_pivot_throw,knockback_max,int,,Actions,AU27,1,1,Источник Actions.Knockback Max
1286,action,gorilla_pivot_throw,wall_damage_per_unit_fp,int,,Actions,AV27,1,1,Источник Actions.Wall Damage / Unit FP
1287,action,gorilla_pivot_throw,wall_damage_min,int,,Actions,AW27,1,1,Источник Actions.Wall Damage Min
1288,action,gorilla_pivot_throw,wall_damage_max,int,,Actions,AX27,1,1,Источник Actions.Wall Damage Max
1289,action,gorilla_pivot_throw,max_consecutive_uses,int,,Actions,AY27,1,1,Источник Actions.Max Consecutive Uses
1290,action,gorilla_pivot_throw,opportunity_cap_fp,int,,Actions,AZ27,1,1,Источник Actions.Opportunity Cap FP
1291,action,gorilla_pivot_throw,hard_opportunity_misses,int,,Actions,BA27,1,1,Источник Actions.Hard Opportunity Misses
1292,action,gorilla_overhead_pound,action_id,string,,Actions,A28,1,1,Источник Actions.Action ID
1293,action,gorilla_overhead_pound,animal_id,string,,Actions,B28,1,1,Источник Actions.Animal ID
1294,action,gorilla_overhead_pound,slot_type,string,,Actions,D28,1,1,Источник Actions.Slot Type
1295,action,gorilla_overhead_pound,category,string,,Actions,E28,1,1,Источник Actions.Category
1296,action,gorilla_overhead_pound,tags,string,,Actions,F28,1,1,Источник Actions.Tags
1297,action,gorilla_overhead_pound,base_weight,int,,Actions,G28,1,1,Источник Actions.Base Weight
1298,action,gorilla_overhead_pound,preferred_range_min,int,,Actions,H28,1,1,Источник Actions.Preferred Range Min
1299,action,gorilla_overhead_pound,preferred_range_max,int,,Actions,I28,1,1,Источник Actions.Preferred Range Max
1300,action,gorilla_overhead_pound,hit_range_min,int,,Actions,J28,1,1,Источник Actions.Hit Range Min
1301,action,gorilla_overhead_pound,hit_range_max,int,,Actions,K28,1,1,Источник Actions.Hit Range Max
1302,action,gorilla_overhead_pound,energy_cost,int,,Actions,L28,1,1,Источник Actions.Energy Cost
1303,action,gorilla_overhead_pound,resource_cost,int,,Actions,M28,1,1,Источник Actions.Resource Cost
1304,action,gorilla_overhead_pound,base_damage,int,,Actions,N28,1,1,Источник Actions.Base Damage / hit
1305,action,gorilla_overhead_pound,power_ratio_fp,int,,Actions,O28,1,1,Источник Actions.Power Ratio FP
1306,action,gorilla_overhead_pound,min_damage,int,,Actions,P28,1,1,Источник Actions.Min Damage
1307,action,gorilla_overhead_pound,chip_min,int,,Actions,Q28,1,1,Источник Actions.Chip Min
1308,action,gorilla_overhead_pound,startup_base_ticks,int,,Actions,R28,1,1,Источник Actions.Startup Base Ticks
1309,action,gorilla_overhead_pound,startup_min_ticks,int,,Actions,S28,1,1,Источник Actions.Startup Min Ticks
1310,action,gorilla_overhead_pound,startup_max_ticks,int,,Actions,T28,1,1,Источник Actions.Startup Max Ticks
1311,action,gorilla_overhead_pound,active_ticks,int,,Actions,U28,1,1,Источник Actions.Active Ticks
1312,action,gorilla_overhead_pound,hit_schedule,string,,Actions,V28,1,1,Источник Actions.Hit Schedule
1313,action,gorilla_overhead_pound,hit_count,int,,Actions,W28,1,1,Источник Actions.Hit Count
1314,action,gorilla_overhead_pound,recovery_base_ticks,int,,Actions,X28,1,1,Источник Actions.Recovery Base Ticks
1315,action,gorilla_overhead_pound,recovery_min_ticks,int,,Actions,Y28,1,1,Источник Actions.Recovery Min Ticks
1316,action,gorilla_overhead_pound,recovery_max_ticks,int,,Actions,Z28,1,1,Источник Actions.Recovery Max Ticks
1317,action,gorilla_overhead_pound,cooldown_ticks,int,,Actions,AA28,1,1,Источник Actions.Cooldown Ticks
1318,action,gorilla_overhead_pound,action_priority,int,,Actions,AB28,1,1,Источник Actions.Action Priority
1319,action,gorilla_overhead_pound,clash_priority,int,,Actions,AC28,1,1,Источник Actions.Clash Priority
1320,action,gorilla_overhead_pound,grab_priority,int,,Actions,AD28,1,1,Источник Actions.Grab Priority
1321,action,gorilla_overhead_pound,resolution_priority,int,,Actions,AE28,1,1,Источник Actions.Resolution Priority
1322,action,gorilla_overhead_pound,interrupt_profile,string,,Actions,AF28,1,1,Источник Actions.Interrupt Profile
1323,action,gorilla_overhead_pound,blockable,bool,,Actions,AG28,1,1,Источник Actions.Blockable
1324,action,gorilla_overhead_pound,dodgeable,bool,,Actions,AH28,1,1,Источник Actions.Dodgeable
1325,action,gorilla_overhead_pound,undodgeable,bool,,Actions,AI28,1,1,Источник Actions.Undodgeable
1326,action,gorilla_overhead_pound,wall_impact,bool,,Actions,AJ28,1,1,Источник Actions.Wall Impact
1327,action,gorilla_overhead_pound,track_target,bool,,Actions,AK28,1,1,Источник Actions.Track Target
1328,action,gorilla_overhead_pound,block_base_chance_fp,int,,Actions,AL28,1,1,Источник Actions.Block Base Chance FP
1329,action,gorilla_overhead_pound,block_reduction_fp,int,,Actions,AM28,1,1,Источник Actions.Block Reduction FP
1330,action,gorilla_overhead_pound,dodge_base_chance_fp,int,,Actions,AN28,1,1,Источник Actions.Dodge Base Chance FP
1331,action,gorilla_overhead_pound,movement_mode,string,,Actions,AO28,1,1,Источник Actions.Movement Mode
1332,action,gorilla_overhead_pound,move_distance,int,,Actions,AP28,1,1,Источник Actions.Move Distance
1333,action,gorilla_overhead_pound,base_stagger,int,,Actions,AQ28,1,1,Источник Actions.Base Stagger
1334,action,gorilla_overhead_pound,base_stun_ticks,int,,Actions,AR28,1,1,Источник Actions.Base Stun Ticks
1335,action,gorilla_overhead_pound,base_knockback,int,,Actions,AS28,1,1,Источник Actions.Base Knockback
1336,action,gorilla_overhead_pound,knockback_min,int,,Actions,AT28,1,1,Источник Actions.Knockback Min
1337,action,gorilla_overhead_pound,knockback_max,int,,Actions,AU28,1,1,Источник Actions.Knockback Max
1338,action,gorilla_overhead_pound,wall_damage_per_unit_fp,int,,Actions,AV28,1,1,Источник Actions.Wall Damage / Unit FP
1339,action,gorilla_overhead_pound,wall_damage_min,int,,Actions,AW28,1,1,Источник Actions.Wall Damage Min
1340,action,gorilla_overhead_pound,wall_damage_max,int,,Actions,AX28,1,1,Источник Actions.Wall Damage Max
1341,action,gorilla_overhead_pound,max_consecutive_uses,int,,Actions,AY28,1,1,Источник Actions.Max Consecutive Uses
1342,action,gorilla_overhead_pound,opportunity_cap_fp,int,,Actions,AZ28,1,1,Источник Actions.Opportunity Cap FP
1343,action,gorilla_overhead_pound,hard_opportunity_misses,int,,Actions,BA28,1,1,Источник Actions.Hard Opportunity Misses
1344,action,gorilla_wall_breaker,action_id,string,,Actions,A29,1,1,Источник Actions.Action ID
1345,action,gorilla_wall_breaker,animal_id,string,,Actions,B29,1,1,Источник Actions.Animal ID
1346,action,gorilla_wall_breaker,slot_type,string,,Actions,D29,1,1,Источник Actions.Slot Type
1347,action,gorilla_wall_breaker,category,string,,Actions,E29,1,1,Источник Actions.Category
1348,action,gorilla_wall_breaker,tags,string,,Actions,F29,1,1,Источник Actions.Tags
1349,action,gorilla_wall_breaker,base_weight,int,,Actions,G29,1,1,Источник Actions.Base Weight
1350,action,gorilla_wall_breaker,preferred_range_min,int,,Actions,H29,1,1,Источник Actions.Preferred Range Min
1351,action,gorilla_wall_breaker,preferred_range_max,int,,Actions,I29,1,1,Источник Actions.Preferred Range Max
1352,action,gorilla_wall_breaker,hit_range_min,int,,Actions,J29,1,1,Источник Actions.Hit Range Min
1353,action,gorilla_wall_breaker,hit_range_max,int,,Actions,K29,1,1,Источник Actions.Hit Range Max
1354,action,gorilla_wall_breaker,energy_cost,int,,Actions,L29,1,1,Источник Actions.Energy Cost
1355,action,gorilla_wall_breaker,resource_cost,int,,Actions,M29,1,1,Источник Actions.Resource Cost
1356,action,gorilla_wall_breaker,base_damage,int,,Actions,N29,1,1,Источник Actions.Base Damage / hit
1357,action,gorilla_wall_breaker,power_ratio_fp,int,,Actions,O29,1,1,Источник Actions.Power Ratio FP
1358,action,gorilla_wall_breaker,min_damage,int,,Actions,P29,1,1,Источник Actions.Min Damage
1359,action,gorilla_wall_breaker,chip_min,int,,Actions,Q29,1,1,Источник Actions.Chip Min
1360,action,gorilla_wall_breaker,startup_base_ticks,int,,Actions,R29,1,1,Источник Actions.Startup Base Ticks
1361,action,gorilla_wall_breaker,startup_min_ticks,int,,Actions,S29,1,1,Источник Actions.Startup Min Ticks
1362,action,gorilla_wall_breaker,startup_max_ticks,int,,Actions,T29,1,1,Источник Actions.Startup Max Ticks
1363,action,gorilla_wall_breaker,active_ticks,int,,Actions,U29,1,1,Источник Actions.Active Ticks
1364,action,gorilla_wall_breaker,hit_schedule,string,,Actions,V29,1,1,Источник Actions.Hit Schedule
1365,action,gorilla_wall_breaker,hit_count,int,,Actions,W29,1,1,Источник Actions.Hit Count
1366,action,gorilla_wall_breaker,recovery_base_ticks,int,,Actions,X29,1,1,Источник Actions.Recovery Base Ticks
1367,action,gorilla_wall_breaker,recovery_min_ticks,int,,Actions,Y29,1,1,Источник Actions.Recovery Min Ticks
1368,action,gorilla_wall_breaker,recovery_max_ticks,int,,Actions,Z29,1,1,Источник Actions.Recovery Max Ticks
1369,action,gorilla_wall_breaker,cooldown_ticks,int,,Actions,AA29,1,1,Источник Actions.Cooldown Ticks
1370,action,gorilla_wall_breaker,action_priority,int,,Actions,AB29,1,1,Источник Actions.Action Priority
1371,action,gorilla_wall_breaker,clash_priority,int,,Actions,AC29,1,1,Источник Actions.Clash Priority
1372,action,gorilla_wall_breaker,grab_priority,int,,Actions,AD29,1,1,Источник Actions.Grab Priority
1373,action,gorilla_wall_breaker,resolution_priority,int,,Actions,AE29,1,1,Источник Actions.Resolution Priority
1374,action,gorilla_wall_breaker,interrupt_profile,string,,Actions,AF29,1,1,Источник Actions.Interrupt Profile
1375,action,gorilla_wall_breaker,blockable,bool,,Actions,AG29,1,1,Источник Actions.Blockable
1376,action,gorilla_wall_breaker,dodgeable,bool,,Actions,AH29,1,1,Источник Actions.Dodgeable
1377,action,gorilla_wall_breaker,undodgeable,bool,,Actions,AI29,1,1,Источник Actions.Undodgeable
1378,action,gorilla_wall_breaker,wall_impact,bool,,Actions,AJ29,1,1,Источник Actions.Wall Impact
1379,action,gorilla_wall_breaker,track_target,bool,,Actions,AK29,1,1,Источник Actions.Track Target
1380,action,gorilla_wall_breaker,block_base_chance_fp,int,,Actions,AL29,1,1,Источник Actions.Block Base Chance FP
1381,action,gorilla_wall_breaker,block_reduction_fp,int,,Actions,AM29,1,1,Источник Actions.Block Reduction FP
1382,action,gorilla_wall_breaker,dodge_base_chance_fp,int,,Actions,AN29,1,1,Источник Actions.Dodge Base Chance FP
1383,action,gorilla_wall_breaker,movement_mode,string,,Actions,AO29,1,1,Источник Actions.Movement Mode
1384,action,gorilla_wall_breaker,move_distance,int,,Actions,AP29,1,1,Источник Actions.Move Distance
1385,action,gorilla_wall_breaker,base_stagger,int,,Actions,AQ29,1,1,Источник Actions.Base Stagger
1386,action,gorilla_wall_breaker,base_stun_ticks,int,,Actions,AR29,1,1,Источник Actions.Base Stun Ticks
1387,action,gorilla_wall_breaker,base_knockback,int,,Actions,AS29,1,1,Источник Actions.Base Knockback
1388,action,gorilla_wall_breaker,knockback_min,int,,Actions,AT29,1,1,Источник Actions.Knockback Min
1389,action,gorilla_wall_breaker,knockback_max,int,,Actions,AU29,1,1,Источник Actions.Knockback Max
1390,action,gorilla_wall_breaker,wall_damage_per_unit_fp,int,,Actions,AV29,1,1,Источник Actions.Wall Damage / Unit FP
1391,action,gorilla_wall_breaker,wall_damage_min,int,,Actions,AW29,1,1,Источник Actions.Wall Damage Min
1392,action,gorilla_wall_breaker,wall_damage_max,int,,Actions,AX29,1,1,Источник Actions.Wall Damage Max
1393,action,gorilla_wall_breaker,max_consecutive_uses,int,,Actions,AY29,1,1,Источник Actions.Max Consecutive Uses
1394,action,gorilla_wall_breaker,opportunity_cap_fp,int,,Actions,AZ29,1,1,Источник Actions.Opportunity Cap FP
1395,action,gorilla_wall_breaker,hard_opportunity_misses,int,,Actions,BA29,1,1,Источник Actions.Hard Opportunity Misses
1396,passive,bear_thick_hide,passive_id,string,,Passives,A6,1,1,Источник Passives.Passive ID
1397,passive,bear_thick_hide,animal_id,string,,Passives,B6,1,1,Источник Passives.Animal ID
1398,passive,bear_thick_hide,trigger,string,,Passives,D6,1,1,Источник Passives.Trigger
1399,passive,bear_thick_hide,conditions,string,,Passives,E6,1,1,Источник Passives.Conditions
1400,passive,bear_thick_hide,effect_id,string,,Passives,F6,0,1,Источник Passives.Effect ID
1401,passive,bear_thick_hide,modifier_stat1,string,,Passives,G6,1,1,Источник Passives.Modifier Stat 1
1402,passive,bear_thick_hide,operation1,string,,Passives,H6,1,1,Источник Passives.Operation 1
1403,passive,bear_thick_hide,value1,int,,Passives,I6,1,1,Источник Passives.Value 1
1404,passive,bear_thick_hide,modifier_stat2,string,,Passives,J6,1,1,Источник Passives.Modifier Stat 2
1405,passive,bear_thick_hide,operation2,string,,Passives,K6,1,1,Источник Passives.Operation 2
1406,passive,bear_thick_hide,value2,int,,Passives,L6,1,1,Источник Passives.Value 2
1407,passive,bear_thick_hide,duration_ticks,int,,Passives,M6,1,1,Источник Passives.Duration Ticks
1408,passive,bear_thick_hide,internal_cooldown_ticks,int,,Passives,N6,1,1,Источник Passives.Internal Cooldown Ticks
1409,passive,bear_thick_hide,stack_cap,int,,Passives,O6,1,1,Источник Passives.Stack Cap
1410,passive,bear_thick_hide,max_activations_per_tick,int,,Passives,P6,1,1,Источник Passives.Max Activations / Tick
1411,passive,bear_thick_hide,max_activations_per_battle,int,,Passives,Q6,1,1,Источник Passives.Max Activations / Battle
1412,passive,bear_thick_hide,resource_gain,int,,Passives,R6,1,1,Источник Passives.Resource Gain
1413,passive,bear_thick_hide,weight_multiplier_fp,int,,Passives,S6,1,1,Источник Passives.Weight Multiplier FP
1414,passive,bear_thick_hide,tags,string,,Passives,T6,1,1,Источник Passives.Tags
1415,passive,bear_pressure_fuels_rage,passive_id,string,,Passives,A7,1,1,Источник Passives.Passive ID
1416,passive,bear_pressure_fuels_rage,animal_id,string,,Passives,B7,1,1,Источник Passives.Animal ID
1417,passive,bear_pressure_fuels_rage,trigger,string,,Passives,D7,1,1,Источник Passives.Trigger
1418,passive,bear_pressure_fuels_rage,conditions,string,,Passives,E7,1,1,Источник Passives.Conditions
1419,passive,bear_pressure_fuels_rage,effect_id,string,,Passives,F7,0,1,Источник Passives.Effect ID
1420,passive,bear_pressure_fuels_rage,modifier_stat1,string,,Passives,G7,1,1,Источник Passives.Modifier Stat 1
1421,passive,bear_pressure_fuels_rage,operation1,string,,Passives,H7,1,1,Источник Passives.Operation 1
1422,passive,bear_pressure_fuels_rage,value1,int,,Passives,I7,1,1,Источник Passives.Value 1
1423,passive,bear_pressure_fuels_rage,modifier_stat2,string,,Passives,J7,1,1,Источник Passives.Modifier Stat 2
1424,passive,bear_pressure_fuels_rage,operation2,string,,Passives,K7,1,1,Источник Passives.Operation 2
1425,passive,bear_pressure_fuels_rage,value2,int,,Passives,L7,1,1,Источник Passives.Value 2
1426,passive,bear_pressure_fuels_rage,duration_ticks,int,,Passives,M7,1,1,Источник Passives.Duration Ticks
1427,passive,bear_pressure_fuels_rage,internal_cooldown_ticks,int,,Passives,N7,1,1,Источник Passives.Internal Cooldown Ticks
1428,passive,bear_pressure_fuels_rage,stack_cap,int,,Passives,O7,1,1,Источник Passives.Stack Cap
1429,passive,bear_pressure_fuels_rage,max_activations_per_tick,int,,Passives,P7,1,1,Источник Passives.Max Activations / Tick
1430,passive,bear_pressure_fuels_rage,max_activations_per_battle,int,,Passives,Q7,1,1,Источник Passives.Max Activations / Battle
1431,passive,bear_pressure_fuels_rage,resource_gain,int,,Passives,R7,1,1,Источник Passives.Resource Gain
1432,passive,bear_pressure_fuels_rage,weight_multiplier_fp,int,,Passives,S7,1,1,Источник Passives.Weight Multiplier FP
1433,passive,bear_pressure_fuels_rage,tags,string,,Passives,T7,1,1,Источник Passives.Tags
1434,passive,kangaroo_never_still,passive_id,string,,Passives,A8,1,1,Источник Passives.Passive ID
1435,passive,kangaroo_never_still,animal_id,string,,Passives,B8,1,1,Источник Passives.Animal ID
1436,passive,kangaroo_never_still,trigger,string,,Passives,D8,1,1,Источник Passives.Trigger
1437,passive,kangaroo_never_still,conditions,string,,Passives,E8,1,1,Источник Passives.Conditions
1438,passive,kangaroo_never_still,effect_id,string,,Passives,F8,0,1,Источник Passives.Effect ID
1439,passive,kangaroo_never_still,modifier_stat1,string,,Passives,G8,1,1,Источник Passives.Modifier Stat 1
1440,passive,kangaroo_never_still,operation1,string,,Passives,H8,1,1,Источник Passives.Operation 1
1441,passive,kangaroo_never_still,value1,int,,Passives,I8,1,1,Источник Passives.Value 1
1442,passive,kangaroo_never_still,modifier_stat2,string,,Passives,J8,1,1,Источник Passives.Modifier Stat 2
1443,passive,kangaroo_never_still,operation2,string,,Passives,K8,1,1,Источник Passives.Operation 2
1444,passive,kangaroo_never_still,value2,int,,Passives,L8,1,1,Источник Passives.Value 2
1445,passive,kangaroo_never_still,duration_ticks,int,,Passives,M8,1,1,Источник Passives.Duration Ticks
1446,passive,kangaroo_never_still,internal_cooldown_ticks,int,,Passives,N8,1,1,Источник Passives.Internal Cooldown Ticks
1447,passive,kangaroo_never_still,stack_cap,int,,Passives,O8,1,1,Источник Passives.Stack Cap
1448,passive,kangaroo_never_still,max_activations_per_tick,int,,Passives,P8,1,1,Источник Passives.Max Activations / Tick
1449,passive,kangaroo_never_still,max_activations_per_battle,int,,Passives,Q8,1,1,Источник Passives.Max Activations / Battle
1450,passive,kangaroo_never_still,resource_gain,int,,Passives,R8,1,1,Источник Passives.Resource Gain
1451,passive,kangaroo_never_still,weight_multiplier_fp,int,,Passives,S8,1,1,Источник Passives.Weight Multiplier FP
1452,passive,kangaroo_never_still,tags,string,,Passives,T8,1,1,Источник Passives.Tags
1453,passive,kangaroo_clean_rhythm,passive_id,string,,Passives,A9,1,1,Источник Passives.Passive ID
1454,passive,kangaroo_clean_rhythm,animal_id,string,,Passives,B9,1,1,Источник Passives.Animal ID
1455,passive,kangaroo_clean_rhythm,trigger,string,,Passives,D9,1,1,Источник Passives.Trigger
1456,passive,kangaroo_clean_rhythm,conditions,string,,Passives,E9,1,1,Источник Passives.Conditions
1457,passive,kangaroo_clean_rhythm,effect_id,string,,Passives,F9,0,1,Источник Passives.Effect ID
1458,passive,kangaroo_clean_rhythm,modifier_stat1,string,,Passives,G9,1,1,Источник Passives.Modifier Stat 1
1459,passive,kangaroo_clean_rhythm,operation1,string,,Passives,H9,1,1,Источник Passives.Operation 1
1460,passive,kangaroo_clean_rhythm,value1,int,,Passives,I9,1,1,Источник Passives.Value 1
1461,passive,kangaroo_clean_rhythm,modifier_stat2,string,,Passives,J9,1,1,Источник Passives.Modifier Stat 2
1462,passive,kangaroo_clean_rhythm,operation2,string,,Passives,K9,1,1,Источник Passives.Operation 2
1463,passive,kangaroo_clean_rhythm,value2,int,,Passives,L9,1,1,Источник Passives.Value 2
1464,passive,kangaroo_clean_rhythm,duration_ticks,int,,Passives,M9,1,1,Источник Passives.Duration Ticks
1465,passive,kangaroo_clean_rhythm,internal_cooldown_ticks,int,,Passives,N9,1,1,Источник Passives.Internal Cooldown Ticks
1466,passive,kangaroo_clean_rhythm,stack_cap,int,,Passives,O9,1,1,Источник Passives.Stack Cap
1467,passive,kangaroo_clean_rhythm,max_activations_per_tick,int,,Passives,P9,1,1,Источник Passives.Max Activations / Tick
1468,passive,kangaroo_clean_rhythm,max_activations_per_battle,int,,Passives,Q9,1,1,Источник Passives.Max Activations / Battle
1469,passive,kangaroo_clean_rhythm,resource_gain,int,,Passives,R9,1,1,Источник Passives.Resource Gain
1470,passive,kangaroo_clean_rhythm,weight_multiplier_fp,int,,Passives,S9,1,1,Источник Passives.Weight Multiplier FP
1471,passive,kangaroo_clean_rhythm,tags,string,,Passives,T9,1,1,Источник Passives.Tags
1472,passive,gorilla_territorial_pressure,passive_id,string,,Passives,A10,1,1,Источник Passives.Passive ID
1473,passive,gorilla_territorial_pressure,animal_id,string,,Passives,B10,1,1,Источник Passives.Animal ID
1474,passive,gorilla_territorial_pressure,trigger,string,,Passives,D10,1,1,Источник Passives.Trigger
1475,passive,gorilla_territorial_pressure,conditions,string,,Passives,E10,1,1,Источник Passives.Conditions
1476,passive,gorilla_territorial_pressure,effect_id,string,,Passives,F10,0,1,Источник Passives.Effect ID
1477,passive,gorilla_territorial_pressure,modifier_stat1,string,,Passives,G10,1,1,Источник Passives.Modifier Stat 1
1478,passive,gorilla_territorial_pressure,operation1,string,,Passives,H10,1,1,Источник Passives.Operation 1
1479,passive,gorilla_territorial_pressure,value1,int,,Passives,I10,1,1,Источник Passives.Value 1
1480,passive,gorilla_territorial_pressure,modifier_stat2,string,,Passives,J10,1,1,Источник Passives.Modifier Stat 2
1481,passive,gorilla_territorial_pressure,operation2,string,,Passives,K10,1,1,Источник Passives.Operation 2
1482,passive,gorilla_territorial_pressure,value2,int,,Passives,L10,1,1,Источник Passives.Value 2
1483,passive,gorilla_territorial_pressure,duration_ticks,int,,Passives,M10,1,1,Источник Passives.Duration Ticks
1484,passive,gorilla_territorial_pressure,internal_cooldown_ticks,int,,Passives,N10,1,1,Источник Passives.Internal Cooldown Ticks
1485,passive,gorilla_territorial_pressure,stack_cap,int,,Passives,O10,1,1,Источник Passives.Stack Cap
1486,passive,gorilla_territorial_pressure,max_activations_per_tick,int,,Passives,P10,1,1,Источник Passives.Max Activations / Tick
1487,passive,gorilla_territorial_pressure,max_activations_per_battle,int,,Passives,Q10,1,1,Источник Passives.Max Activations / Battle
1488,passive,gorilla_territorial_pressure,resource_gain,int,,Passives,R10,1,1,Источник Passives.Resource Gain
1489,passive,gorilla_territorial_pressure,weight_multiplier_fp,int,,Passives,S10,1,1,Источник Passives.Weight Multiplier FP
1490,passive,gorilla_territorial_pressure,tags,string,,Passives,T10,1,1,Источник Passives.Tags
1491,passive,gorilla_iron_grip,passive_id,string,,Passives,A11,1,1,Источник Passives.Passive ID
1492,passive,gorilla_iron_grip,animal_id,string,,Passives,B11,1,1,Источник Passives.Animal ID
1493,passive,gorilla_iron_grip,trigger,string,,Passives,D11,1,1,Источник Passives.Trigger
1494,passive,gorilla_iron_grip,conditions,string,,Passives,E11,1,1,Источник Passives.Conditions
1495,passive,gorilla_iron_grip,effect_id,string,,Passives,F11,0,1,Источник Passives.Effect ID
1496,passive,gorilla_iron_grip,modifier_stat1,string,,Passives,G11,1,1,Источник Passives.Modifier Stat 1
1497,passive,gorilla_iron_grip,operation1,string,,Passives,H11,1,1,Источник Passives.Operation 1
1498,passive,gorilla_iron_grip,value1,int,,Passives,I11,1,1,Источник Passives.Value 1
1499,passive,gorilla_iron_grip,modifier_stat2,string,,Passives,J11,1,1,Источник Passives.Modifier Stat 2
1500,passive,gorilla_iron_grip,operation2,string,,Passives,K11,1,1,Источник Passives.Operation 2
1501,passive,gorilla_iron_grip,value2,int,,Passives,L11,1,1,Источник Passives.Value 2
1502,passive,gorilla_iron_grip,duration_ticks,int,,Passives,M11,1,1,Источник Passives.Duration Ticks
1503,passive,gorilla_iron_grip,internal_cooldown_ticks,int,,Passives,N11,1,1,Источник Passives.Internal Cooldown Ticks
1504,passive,gorilla_iron_grip,stack_cap,int,,Passives,O11,1,1,Источник Passives.Stack Cap
1505,passive,gorilla_iron_grip,max_activations_per_tick,int,,Passives,P11,1,1,Источник Passives.Max Activations / Tick
1506,passive,gorilla_iron_grip,max_activations_per_battle,int,,Passives,Q11,1,1,Источник Passives.Max Activations / Battle
1507,passive,gorilla_iron_grip,resource_gain,int,,Passives,R11,1,1,Источник Passives.Resource Gain
1508,passive,gorilla_iron_grip,weight_multiplier_fp,int,,Passives,S11,1,1,Источник Passives.Weight Multiplier FP
1509,passive,gorilla_iron_grip,tags,string,,Passives,T11,1,1,Источник Passives.Tags
1510,effect,effect_bear_thick_hide,effect_id,string,,Effects,A6,1,1,Источник Effects.Effect ID
1511,effect,effect_bear_thick_hide,duration_ticks,int,,Effects,C6,1,1,Источник Effects.Duration Ticks
1512,effect,effect_bear_thick_hide,expiry_boundary,string,,Effects,D6,1,1,Источник Effects.Expiry Boundary
1513,effect,effect_bear_thick_hide,stack_group,string,,Effects,E6,1,1,Источник Effects.Stack Group
1514,effect,effect_bear_thick_hide,stack_policy,string,,Effects,F6,1,1,Источник Effects.Stack Policy
1515,effect,effect_bear_thick_hide,stack_cap,int,,Effects,G6,1,1,Источник Effects.Stack Cap
1516,effect,effect_bear_thick_hide,compare_key,string,,Effects,H6,1,1,Источник Effects.Compare Key
1517,effect,effect_bear_thick_hide,modifier_stat1,string,,Effects,I6,1,1,Источник Effects.Modifier Stat 1
1518,effect,effect_bear_thick_hide,operation1,string,,Effects,J6,1,1,Источник Effects.Operation 1
1519,effect,effect_bear_thick_hide,value1,int,,Effects,K6,1,1,Источник Effects.Value 1
1520,effect,effect_bear_thick_hide,modifier_stat2,string,,Effects,L6,0,1,Источник Effects.Modifier Stat 2
1521,effect,effect_bear_thick_hide,operation2,string,,Effects,M6,0,1,Источник Effects.Operation 2
1522,effect,effect_bear_thick_hide,value2,int,,Effects,N6,0,1,Источник Effects.Value 2
1523,effect,effect_bear_thick_hide,tags,string,,Effects,O6,1,1,Источник Effects.Tags
1524,effect,effect_bear_thick_hide,max_activations_per_tick,int,,Effects,P6,1,1,Источник Effects.Max Activations / Tick
1525,effect,effect_bear_thick_hide,max_activations_per_battle,int,,Effects,Q6,1,1,Источник Effects.Max Activations / Battle
1526,effect,effect_bear_thick_hide,internal_cooldown_ticks,int,,Effects,R6,1,1,Источник Effects.Internal Cooldown Ticks
1527,effect,effect_bear_thick_hide,lookup_profile,string,,Effects,S6,0,1,Источник Effects.Lookup Profile
1528,effect,effect_kangaroo_clean_rhythm,effect_id,string,,Effects,A7,1,1,Источник Effects.Effect ID
1529,effect,effect_kangaroo_clean_rhythm,duration_ticks,int,,Effects,C7,1,1,Источник Effects.Duration Ticks
1530,effect,effect_kangaroo_clean_rhythm,expiry_boundary,string,,Effects,D7,1,1,Источник Effects.Expiry Boundary
1531,effect,effect_kangaroo_clean_rhythm,stack_group,string,,Effects,E7,1,1,Источник Effects.Stack Group
1532,effect,effect_kangaroo_clean_rhythm,stack_policy,string,,Effects,F7,1,1,Источник Effects.Stack Policy
1533,effect,effect_kangaroo_clean_rhythm,stack_cap,int,,Effects,G7,1,1,Источник Effects.Stack Cap
1534,effect,effect_kangaroo_clean_rhythm,compare_key,string,,Effects,H7,1,1,Источник Effects.Compare Key
1535,effect,effect_kangaroo_clean_rhythm,modifier_stat1,string,,Effects,I7,1,1,Источник Effects.Modifier Stat 1
1536,effect,effect_kangaroo_clean_rhythm,operation1,string,,Effects,J7,1,1,Источник Effects.Operation 1
1537,effect,effect_kangaroo_clean_rhythm,value1,int,,Effects,K7,1,1,Источник Effects.Value 1
1538,effect,effect_kangaroo_clean_rhythm,modifier_stat2,string,,Effects,L7,0,1,Источник Effects.Modifier Stat 2
1539,effect,effect_kangaroo_clean_rhythm,operation2,string,,Effects,M7,0,1,Источник Effects.Operation 2
1540,effect,effect_kangaroo_clean_rhythm,value2,int,,Effects,N7,0,1,Источник Effects.Value 2
1541,effect,effect_kangaroo_clean_rhythm,tags,string,,Effects,O7,1,1,Источник Effects.Tags
1542,effect,effect_kangaroo_clean_rhythm,max_activations_per_tick,int,,Effects,P7,1,1,Источник Effects.Max Activations / Tick
1543,effect,effect_kangaroo_clean_rhythm,max_activations_per_battle,int,,Effects,Q7,1,1,Источник Effects.Max Activations / Battle
1544,effect,effect_kangaroo_clean_rhythm,internal_cooldown_ticks,int,,Effects,R7,1,1,Источник Effects.Internal Cooldown Ticks
1545,effect,effect_kangaroo_clean_rhythm,lookup_profile,string,,Effects,S7,0,1,Источник Effects.Lookup Profile
1546,effect,effect_gorilla_wall_pressure,effect_id,string,,Effects,A8,1,1,Источник Effects.Effect ID
1547,effect,effect_gorilla_wall_pressure,duration_ticks,int,,Effects,C8,1,1,Источник Effects.Duration Ticks
1548,effect,effect_gorilla_wall_pressure,expiry_boundary,string,,Effects,D8,1,1,Источник Effects.Expiry Boundary
1549,effect,effect_gorilla_wall_pressure,stack_group,string,,Effects,E8,1,1,Источник Effects.Stack Group
1550,effect,effect_gorilla_wall_pressure,stack_policy,string,,Effects,F8,1,1,Источник Effects.Stack Policy
1551,effect,effect_gorilla_wall_pressure,stack_cap,int,,Effects,G8,1,1,Источник Effects.Stack Cap
1552,effect,effect_gorilla_wall_pressure,compare_key,string,,Effects,H8,1,1,Источник Effects.Compare Key
1553,effect,effect_gorilla_wall_pressure,modifier_stat1,string,,Effects,I8,1,1,Источник Effects.Modifier Stat 1
1554,effect,effect_gorilla_wall_pressure,operation1,string,,Effects,J8,1,1,Источник Effects.Operation 1
1555,effect,effect_gorilla_wall_pressure,value1,int,,Effects,K8,1,1,Источник Effects.Value 1
1556,effect,effect_gorilla_wall_pressure,modifier_stat2,string,,Effects,L8,0,1,Источник Effects.Modifier Stat 2
1557,effect,effect_gorilla_wall_pressure,operation2,string,,Effects,M8,0,1,Источник Effects.Operation 2
1558,effect,effect_gorilla_wall_pressure,value2,int,,Effects,N8,0,1,Источник Effects.Value 2
1559,effect,effect_gorilla_wall_pressure,tags,string,,Effects,O8,1,1,Источник Effects.Tags
1560,effect,effect_gorilla_wall_pressure,max_activations_per_tick,int,,Effects,P8,1,1,Источник Effects.Max Activations / Tick
1561,effect,effect_gorilla_wall_pressure,max_activations_per_battle,int,,Effects,Q8,1,1,Источник Effects.Max Activations / Battle
1562,effect,effect_gorilla_wall_pressure,internal_cooldown_ticks,int,,Effects,R8,1,1,Источник Effects.Internal Cooldown Ticks
1563,effect,effect_gorilla_wall_pressure,lookup_profile,string,,Effects,S8,0,1,Источник Effects.Lookup Profile
1564,effect,effect_gorilla_iron_grip,effect_id,string,,Effects,A9,1,1,Источник Effects.Effect ID
1565,effect,effect_gorilla_iron_grip,duration_ticks,int,,Effects,C9,1,1,Источник Effects.Duration Ticks
1566,effect,effect_gorilla_iron_grip,expiry_boundary,string,,Effects,D9,1,1,Источник Effects.Expiry Boundary
1567,effect,effect_gorilla_iron_grip,stack_group,string,,Effects,E9,1,1,Источник Effects.Stack Group
1568,effect,effect_gorilla_iron_grip,stack_policy,string,,Effects,F9,1,1,Источник Effects.Stack Policy
1569,effect,effect_gorilla_iron_grip,stack_cap,int,,Effects,G9,1,1,Источник Effects.Stack Cap
1570,effect,effect_gorilla_iron_grip,compare_key,string,,Effects,H9,1,1,Источник Effects.Compare Key
1571,effect,effect_gorilla_iron_grip,modifier_stat1,string,,Effects,I9,1,1,Источник Effects.Modifier Stat 1
1572,effect,effect_gorilla_iron_grip,operation1,string,,Effects,J9,1,1,Источник Effects.Operation 1
1573,effect,effect_gorilla_iron_grip,value1,int,,Effects,K9,1,1,Источник Effects.Value 1
1574,effect,effect_gorilla_iron_grip,modifier_stat2,string,,Effects,L9,0,1,Источник Effects.Modifier Stat 2
1575,effect,effect_gorilla_iron_grip,operation2,string,,Effects,M9,0,1,Источник Effects.Operation 2
1576,effect,effect_gorilla_iron_grip,value2,int,,Effects,N9,0,1,Источник Effects.Value 2
1577,effect,effect_gorilla_iron_grip,tags,string,,Effects,O9,1,1,Источник Effects.Tags
1578,effect,effect_gorilla_iron_grip,max_activations_per_tick,int,,Effects,P9,1,1,Источник Effects.Max Activations / Tick
1579,effect,effect_gorilla_iron_grip,max_activations_per_battle,int,,Effects,Q9,1,1,Источник Effects.Max Activations / Battle
1580,effect,effect_gorilla_iron_grip,internal_cooldown_ticks,int,,Effects,R9,1,1,Источник Effects.Internal Cooldown Ticks
1581,effect,effect_gorilla_iron_grip,lookup_profile,string,,Effects,S9,0,1,Источник Effects.Lookup Profile
1582,effect,effect_guard_broken,effect_id,string,,Effects,A10,1,1,Источник Effects.Effect ID
1583,effect,effect_guard_broken,duration_ticks,int,,Effects,C10,1,1,Источник Effects.Duration Ticks
1584,effect,effect_guard_broken,expiry_boundary,string,,Effects,D10,1,1,Источник Effects.Expiry Boundary
1585,effect,effect_guard_broken,stack_group,string,,Effects,E10,1,1,Источник Effects.Stack Group
1586,effect,effect_guard_broken,stack_policy,string,,Effects,F10,1,1,Источник Effects.Stack Policy
1587,effect,effect_guard_broken,stack_cap,int,,Effects,G10,1,1,Источник Effects.Stack Cap
1588,effect,effect_guard_broken,compare_key,string,,Effects,H10,1,1,Источник Effects.Compare Key
1589,effect,effect_guard_broken,modifier_stat1,string,,Effects,I10,1,1,Источник Effects.Modifier Stat 1
1590,effect,effect_guard_broken,operation1,string,,Effects,J10,1,1,Источник Effects.Operation 1
1591,effect,effect_guard_broken,value1,int,,Effects,K10,1,1,Источник Effects.Value 1
1592,effect,effect_guard_broken,modifier_stat2,string,,Effects,L10,0,1,Источник Effects.Modifier Stat 2
1593,effect,effect_guard_broken,operation2,string,,Effects,M10,0,1,Источник Effects.Operation 2
1594,effect,effect_guard_broken,value2,int,,Effects,N10,0,1,Источник Effects.Value 2
1595,effect,effect_guard_broken,tags,string,,Effects,O10,1,1,Источник Effects.Tags
1596,effect,effect_guard_broken,max_activations_per_tick,int,,Effects,P10,1,1,Источник Effects.Max Activations / Tick
1597,effect,effect_guard_broken,max_activations_per_battle,int,,Effects,Q10,1,1,Источник Effects.Max Activations / Battle
1598,effect,effect_guard_broken,internal_cooldown_ticks,int,,Effects,R10,1,1,Источник Effects.Internal Cooldown Ticks
1599,effect,effect_guard_broken,lookup_profile,string,,Effects,S10,0,1,Источник Effects.Lookup Profile
1600,effect,effect_exposed,effect_id,string,,Effects,A11,1,1,Источник Effects.Effect ID
1601,effect,effect_exposed,duration_ticks,int,,Effects,C11,1,1,Источник Effects.Duration Ticks
1602,effect,effect_exposed,expiry_boundary,string,,Effects,D11,1,1,Источник Effects.Expiry Boundary
1603,effect,effect_exposed,stack_group,string,,Effects,E11,1,1,Источник Effects.Stack Group
1604,effect,effect_exposed,stack_policy,string,,Effects,F11,1,1,Источник Effects.Stack Policy
1605,effect,effect_exposed,stack_cap,int,,Effects,G11,1,1,Источник Effects.Stack Cap
1606,effect,effect_exposed,compare_key,string,,Effects,H11,1,1,Источник Effects.Compare Key
1607,effect,effect_exposed,modifier_stat1,string,,Effects,I11,1,1,Источник Effects.Modifier Stat 1
1608,effect,effect_exposed,operation1,string,,Effects,J11,1,1,Источник Effects.Operation 1
1609,effect,effect_exposed,value1,int,,Effects,K11,1,1,Источник Effects.Value 1
1610,effect,effect_exposed,modifier_stat2,string,,Effects,L11,0,1,Источник Effects.Modifier Stat 2
1611,effect,effect_exposed,operation2,string,,Effects,M11,0,1,Источник Effects.Operation 2
1612,effect,effect_exposed,value2,int,,Effects,N11,0,1,Источник Effects.Value 2
1613,effect,effect_exposed,tags,string,,Effects,O11,1,1,Источник Effects.Tags
1614,effect,effect_exposed,max_activations_per_tick,int,,Effects,P11,1,1,Источник Effects.Max Activations / Tick
1615,effect,effect_exposed,max_activations_per_battle,int,,Effects,Q11,1,1,Источник Effects.Max Activations / Battle
1616,effect,effect_exposed,internal_cooldown_ticks,int,,Effects,R11,1,1,Источник Effects.Internal Cooldown Ticks
1617,effect,effect_exposed,lookup_profile,string,,Effects,S11,0,1,Источник Effects.Lookup Profile
1618,effect,effect_control_fatigue,effect_id,string,,Effects,A12,1,1,Источник Effects.Effect ID
1619,effect,effect_control_fatigue,duration_ticks,int,,Effects,C12,1,1,Источник Effects.Duration Ticks
1620,effect,effect_control_fatigue,expiry_boundary,string,,Effects,D12,1,1,Источник Effects.Expiry Boundary
1621,effect,effect_control_fatigue,stack_group,string,,Effects,E12,1,1,Источник Effects.Stack Group
1622,effect,effect_control_fatigue,stack_policy,string,,Effects,F12,1,1,Источник Effects.Stack Policy
1623,effect,effect_control_fatigue,stack_cap,int,,Effects,G12,1,1,Источник Effects.Stack Cap
1624,effect,effect_control_fatigue,compare_key,string,,Effects,H12,1,1,Источник Effects.Compare Key
1625,effect,effect_control_fatigue,modifier_stat1,string,,Effects,I12,1,1,Источник Effects.Modifier Stat 1
1626,effect,effect_control_fatigue,operation1,string,,Effects,J12,1,1,Источник Effects.Operation 1
1627,effect,effect_control_fatigue,value1,int,,Effects,K12,1,1,Источник Effects.Value 1
1628,effect,effect_control_fatigue,modifier_stat2,string,,Effects,L12,0,1,Источник Effects.Modifier Stat 2
1629,effect,effect_control_fatigue,operation2,string,,Effects,M12,0,1,Источник Effects.Operation 2
1630,effect,effect_control_fatigue,value2,int,,Effects,N12,0,1,Источник Effects.Value 2
1631,effect,effect_control_fatigue,tags,string,,Effects,O12,1,1,Источник Effects.Tags
1632,effect,effect_control_fatigue,max_activations_per_tick,int,,Effects,P12,1,1,Источник Effects.Max Activations / Tick
1633,effect,effect_control_fatigue,max_activations_per_battle,int,,Effects,Q12,1,1,Источник Effects.Max Activations / Battle
1634,effect,effect_control_fatigue,internal_cooldown_ticks,int,,Effects,R12,1,1,Источник Effects.Internal Cooldown Ticks
1635,effect,effect_control_fatigue,lookup_profile,string,,Effects,S12,0,1,Источник Effects.Lookup Profile
1636,effect,effect_control_immunity,effect_id,string,,Effects,A13,1,1,Источник Effects.Effect ID
1637,effect,effect_control_immunity,duration_ticks,int,,Effects,C13,1,1,Источник Effects.Duration Ticks
1638,effect,effect_control_immunity,expiry_boundary,string,,Effects,D13,1,1,Источник Effects.Expiry Boundary
1639,effect,effect_control_immunity,stack_group,string,,Effects,E13,1,1,Источник Effects.Stack Group
1640,effect,effect_control_immunity,stack_policy,string,,Effects,F13,1,1,Источник Effects.Stack Policy
1641,effect,effect_control_immunity,stack_cap,int,,Effects,G13,1,1,Источник Effects.Stack Cap
1642,effect,effect_control_immunity,compare_key,string,,Effects,H13,1,1,Источник Effects.Compare Key
1643,effect,effect_control_immunity,modifier_stat1,string,,Effects,I13,1,1,Источник Effects.Modifier Stat 1
1644,effect,effect_control_immunity,operation1,string,,Effects,J13,1,1,Источник Effects.Operation 1
1645,effect,effect_control_immunity,value1,int,,Effects,K13,1,1,Источник Effects.Value 1
1646,effect,effect_control_immunity,modifier_stat2,string,,Effects,L13,0,1,Источник Effects.Modifier Stat 2
1647,effect,effect_control_immunity,operation2,string,,Effects,M13,0,1,Источник Effects.Operation 2
1648,effect,effect_control_immunity,value2,int,,Effects,N13,0,1,Источник Effects.Value 2
1649,effect,effect_control_immunity,tags,string,,Effects,O13,1,1,Источник Effects.Tags
1650,effect,effect_control_immunity,max_activations_per_tick,int,,Effects,P13,1,1,Источник Effects.Max Activations / Tick
1651,effect,effect_control_immunity,max_activations_per_battle,int,,Effects,Q13,1,1,Источник Effects.Max Activations / Battle
1652,effect,effect_control_immunity,internal_cooldown_ticks,int,,Effects,R13,1,1,Источник Effects.Internal Cooldown Ticks
1653,effect,effect_control_immunity,lookup_profile,string,,Effects,S13,0,1,Источник Effects.Lookup Profile
1654,effect,effect_grab_lockout,effect_id,string,,Effects,A14,1,1,Источник Effects.Effect ID
1655,effect,effect_grab_lockout,duration_ticks,int,,Effects,C14,1,1,Источник Effects.Duration Ticks
1656,effect,effect_grab_lockout,expiry_boundary,string,,Effects,D14,1,1,Источник Effects.Expiry Boundary
1657,effect,effect_grab_lockout,stack_group,string,,Effects,E14,1,1,Источник Effects.Stack Group
1658,effect,effect_grab_lockout,stack_policy,string,,Effects,F14,1,1,Источник Effects.Stack Policy
1659,effect,effect_grab_lockout,stack_cap,int,,Effects,G14,1,1,Источник Effects.Stack Cap
1660,effect,effect_grab_lockout,compare_key,string,,Effects,H14,1,1,Источник Effects.Compare Key
1661,effect,effect_grab_lockout,modifier_stat1,string,,Effects,I14,1,1,Источник Effects.Modifier Stat 1
1662,effect,effect_grab_lockout,operation1,string,,Effects,J14,1,1,Источник Effects.Operation 1
1663,effect,effect_grab_lockout,value1,int,,Effects,K14,1,1,Источник Effects.Value 1
1664,effect,effect_grab_lockout,modifier_stat2,string,,Effects,L14,0,1,Источник Effects.Modifier Stat 2
1665,effect,effect_grab_lockout,operation2,string,,Effects,M14,0,1,Источник Effects.Operation 2
1666,effect,effect_grab_lockout,value2,int,,Effects,N14,0,1,Источник Effects.Value 2
1667,effect,effect_grab_lockout,tags,string,,Effects,O14,1,1,Источник Effects.Tags
1668,effect,effect_grab_lockout,max_activations_per_tick,int,,Effects,P14,1,1,Источник Effects.Max Activations / Tick
1669,effect,effect_grab_lockout,max_activations_per_battle,int,,Effects,Q14,1,1,Источник Effects.Max Activations / Battle
1670,effect,effect_grab_lockout,internal_cooldown_ticks,int,,Effects,R14,1,1,Источник Effects.Internal Cooldown Ticks
1671,effect,effect_grab_lockout,lookup_profile,string,,Effects,S14,0,1,Источник Effects.Lookup Profile
1672,effect,effect_wakeup_immunity,effect_id,string,,Effects,A15,1,1,Источник Effects.Effect ID
1673,effect,effect_wakeup_immunity,duration_ticks,int,,Effects,C15,1,1,Источник Effects.Duration Ticks
1674,effect,effect_wakeup_immunity,expiry_boundary,string,,Effects,D15,1,1,Источник Effects.Expiry Boundary
1675,effect,effect_wakeup_immunity,stack_group,string,,Effects,E15,1,1,Источник Effects.Stack Group
1676,effect,effect_wakeup_immunity,stack_policy,string,,Effects,F15,1,1,Источник Effects.Stack Policy
1677,effect,effect_wakeup_immunity,stack_cap,int,,Effects,G15,1,1,Источник Effects.Stack Cap
1678,effect,effect_wakeup_immunity,compare_key,string,,Effects,H15,1,1,Источник Effects.Compare Key
1679,effect,effect_wakeup_immunity,modifier_stat1,string,,Effects,I15,1,1,Источник Effects.Modifier Stat 1
1680,effect,effect_wakeup_immunity,operation1,string,,Effects,J15,1,1,Источник Effects.Operation 1
1681,effect,effect_wakeup_immunity,value1,int,,Effects,K15,1,1,Источник Effects.Value 1
1682,effect,effect_wakeup_immunity,modifier_stat2,string,,Effects,L15,0,1,Источник Effects.Modifier Stat 2
1683,effect,effect_wakeup_immunity,operation2,string,,Effects,M15,0,1,Источник Effects.Operation 2
1684,effect,effect_wakeup_immunity,value2,int,,Effects,N15,0,1,Источник Effects.Value 2
1685,effect,effect_wakeup_immunity,tags,string,,Effects,O15,1,1,Источник Effects.Tags
1686,effect,effect_wakeup_immunity,max_activations_per_tick,int,,Effects,P15,1,1,Источник Effects.Max Activations / Tick
1687,effect,effect_wakeup_immunity,max_activations_per_battle,int,,Effects,Q15,1,1,Источник Effects.Max Activations / Battle
1688,effect,effect_wakeup_immunity,internal_cooldown_ticks,int,,Effects,R15,1,1,Источник Effects.Internal Cooldown Ticks
1689,effect,effect_wakeup_immunity,lookup_profile,string,,Effects,S15,0,1,Источник Effects.Lookup Profile
1690,tactic,tactic_pressure,tactic_id,string,,Tactics,A6,1,1,Источник Tactics.Tactic ID
1691,tactic,tactic_pressure,approach_fp,int,,Tactics,C6,1,1,Источник Tactics.Approach FP
1692,tactic,tactic_pressure,retreat_fp,int,,Tactics,D6,1,1,Источник Tactics.Retreat FP
1693,tactic,tactic_pressure,light_fp,int,,Tactics,E6,1,1,Источник Tactics.Light FP
1694,tactic,tactic_pressure,heavy_fp,int,,Tactics,F6,1,1,Источник Tactics.Heavy FP
1695,tactic,tactic_pressure,block_fp,int,,Tactics,G6,1,1,Источник Tactics.Block FP
1696,tactic,tactic_pressure,dodge_fp,int,,Tactics,H6,1,1,Источник Tactics.Dodge FP
1697,tactic,tactic_pressure,counter_fp,int,,Tactics,I6,1,1,Источник Tactics.Counter FP
1698,tactic,tactic_pressure,grab_fp,int,,Tactics,J6,1,1,Источник Tactics.Grab FP
1699,tactic,tactic_pressure,signature_fp,int,,Tactics,K6,1,1,Источник Tactics.Signature FP
1700,tactic,tactic_pressure,resource_generator_fp,int,,Tactics,L6,1,1,Источник Tactics.Resource Generator FP
1701,tactic,tactic_pressure,resource_spender_fp,int,,Tactics,M6,1,1,Источник Tactics.Resource Spender FP
1702,tactic,tactic_pressure,target_recovery_fp,int,,Tactics,N6,1,1,Источник Tactics.Target Recovery FP
1703,tactic,tactic_pressure,target_wall_fp,int,,Tactics,O6,1,1,Источник Tactics.Target Wall FP
1704,tactic,tactic_pressure,self_wall_fp,int,,Tactics,P6,1,1,Источник Tactics.Self Wall FP
1705,tactic,tactic_pressure,low_hpfp,int,,Tactics,Q6,1,1,Источник Tactics.Low HP FP
1706,tactic,tactic_pressure,perception_delay_ticks,int,,Tactics,R6,1,1,Источник Tactics.Perception Delay Ticks
1707,tactic,tactic_pressure,repeat_penalty_fp,int,,Tactics,S6,1,1,Источник Tactics.Repeat Penalty FP
1708,tactic,tactic_counter,tactic_id,string,,Tactics,A7,1,1,Источник Tactics.Tactic ID
1709,tactic,tactic_counter,approach_fp,int,,Tactics,C7,1,1,Источник Tactics.Approach FP
1710,tactic,tactic_counter,retreat_fp,int,,Tactics,D7,1,1,Источник Tactics.Retreat FP
1711,tactic,tactic_counter,light_fp,int,,Tactics,E7,1,1,Источник Tactics.Light FP
1712,tactic,tactic_counter,heavy_fp,int,,Tactics,F7,1,1,Источник Tactics.Heavy FP
1713,tactic,tactic_counter,block_fp,int,,Tactics,G7,1,1,Источник Tactics.Block FP
1714,tactic,tactic_counter,dodge_fp,int,,Tactics,H7,1,1,Источник Tactics.Dodge FP
1715,tactic,tactic_counter,counter_fp,int,,Tactics,I7,1,1,Источник Tactics.Counter FP
1716,tactic,tactic_counter,grab_fp,int,,Tactics,J7,1,1,Источник Tactics.Grab FP
1717,tactic,tactic_counter,signature_fp,int,,Tactics,K7,1,1,Источник Tactics.Signature FP
1718,tactic,tactic_counter,resource_generator_fp,int,,Tactics,L7,1,1,Источник Tactics.Resource Generator FP
1719,tactic,tactic_counter,resource_spender_fp,int,,Tactics,M7,1,1,Источник Tactics.Resource Spender FP
1720,tactic,tactic_counter,target_recovery_fp,int,,Tactics,N7,1,1,Источник Tactics.Target Recovery FP
1721,tactic,tactic_counter,target_wall_fp,int,,Tactics,O7,1,1,Источник Tactics.Target Wall FP
1722,tactic,tactic_counter,self_wall_fp,int,,Tactics,P7,1,1,Источник Tactics.Self Wall FP
1723,tactic,tactic_counter,low_hpfp,int,,Tactics,Q7,1,1,Источник Tactics.Low HP FP
1724,tactic,tactic_counter,perception_delay_ticks,int,,Tactics,R7,1,1,Источник Tactics.Perception Delay Ticks
1725,tactic,tactic_counter,repeat_penalty_fp,int,,Tactics,S7,1,1,Источник Tactics.Repeat Penalty FP
1726,tactic,tactic_position,tactic_id,string,,Tactics,A8,1,1,Источник Tactics.Tactic ID
1727,tactic,tactic_position,approach_fp,int,,Tactics,C8,1,1,Источник Tactics.Approach FP
1728,tactic,tactic_position,retreat_fp,int,,Tactics,D8,1,1,Источник Tactics.Retreat FP
1729,tactic,tactic_position,light_fp,int,,Tactics,E8,1,1,Источник Tactics.Light FP
1730,tactic,tactic_position,heavy_fp,int,,Tactics,F8,1,1,Источник Tactics.Heavy FP
1731,tactic,tactic_position,block_fp,int,,Tactics,G8,1,1,Источник Tactics.Block FP
1732,tactic,tactic_position,dodge_fp,int,,Tactics,H8,1,1,Источник Tactics.Dodge FP
1733,tactic,tactic_position,counter_fp,int,,Tactics,I8,1,1,Источник Tactics.Counter FP
1734,tactic,tactic_position,grab_fp,int,,Tactics,J8,1,1,Источник Tactics.Grab FP
1735,tactic,tactic_position,signature_fp,int,,Tactics,K8,1,1,Источник Tactics.Signature FP
1736,tactic,tactic_position,resource_generator_fp,int,,Tactics,L8,1,1,Источник Tactics.Resource Generator FP
1737,tactic,tactic_position,resource_spender_fp,int,,Tactics,M8,1,1,Источник Tactics.Resource Spender FP
1738,tactic,tactic_position,target_recovery_fp,int,,Tactics,N8,1,1,Источник Tactics.Target Recovery FP
1739,tactic,tactic_position,target_wall_fp,int,,Tactics,O8,1,1,Источник Tactics.Target Wall FP
1740,tactic,tactic_position,self_wall_fp,int,,Tactics,P8,1,1,Источник Tactics.Self Wall FP
1741,tactic,tactic_position,low_hpfp,int,,Tactics,Q8,1,1,Источник Tactics.Low HP FP
1742,tactic,tactic_position,perception_delay_ticks,int,,Tactics,R8,1,1,Источник Tactics.Perception Delay Ticks
1743,tactic,tactic_position,repeat_penalty_fp,int,,Tactics,S8,1,1,Источник Tactics.Repeat Penalty FP
1744,tactic,tactic_signature,tactic_id,string,,Tactics,A9,1,1,Источник Tactics.Tactic ID
1745,tactic,tactic_signature,approach_fp,int,,Tactics,C9,1,1,Источник Tactics.Approach FP
1746,tactic,tactic_signature,retreat_fp,int,,Tactics,D9,1,1,Источник Tactics.Retreat FP
1747,tactic,tactic_signature,light_fp,int,,Tactics,E9,1,1,Источник Tactics.Light FP
1748,tactic,tactic_signature,heavy_fp,int,,Tactics,F9,1,1,Источник Tactics.Heavy FP
1749,tactic,tactic_signature,block_fp,int,,Tactics,G9,1,1,Источник Tactics.Block FP
1750,tactic,tactic_signature,dodge_fp,int,,Tactics,H9,1,1,Источник Tactics.Dodge FP
1751,tactic,tactic_signature,counter_fp,int,,Tactics,I9,1,1,Источник Tactics.Counter FP
1752,tactic,tactic_signature,grab_fp,int,,Tactics,J9,1,1,Источник Tactics.Grab FP
1753,tactic,tactic_signature,signature_fp,int,,Tactics,K9,1,1,Источник Tactics.Signature FP
1754,tactic,tactic_signature,resource_generator_fp,int,,Tactics,L9,1,1,Источник Tactics.Resource Generator FP
1755,tactic,tactic_signature,resource_spender_fp,int,,Tactics,M9,1,1,Источник Tactics.Resource Spender FP
1756,tactic,tactic_signature,target_recovery_fp,int,,Tactics,N9,1,1,Источник Tactics.Target Recovery FP
1757,tactic,tactic_signature,target_wall_fp,int,,Tactics,O9,1,1,Источник Tactics.Target Wall FP
1758,tactic,tactic_signature,self_wall_fp,int,,Tactics,P9,1,1,Источник Tactics.Self Wall FP
1759,tactic,tactic_signature,low_hpfp,int,,Tactics,Q9,1,1,Источник Tactics.Low HP FP
1760,tactic,tactic_signature,perception_delay_ticks,int,,Tactics,R9,1,1,Источник Tactics.Perception Delay Ticks
1761,tactic,tactic_signature,repeat_penalty_fp,int,,Tactics,S9,1,1,Источник Tactics.Repeat Penalty FP
1762,gear,gear_offense_power_wraps,gear_id,string,,Gear,A6,1,1,Источник Gear.Gear ID
1763,gear,gear_offense_power_wraps,slot,string,,Gear,C6,1,1,Источник Gear.Slot
1764,gear,gear_offense_power_wraps,stat1,string,,Gear,D6,1,1,Источник Gear.Stat 1
1765,gear,gear_offense_power_wraps,operation1,string,,Gear,E6,1,1,Источник Gear.Operation 1
1766,gear,gear_offense_power_wraps,value1,int,,Gear,F6,1,1,Источник Gear.Value 1
1767,gear,gear_offense_power_wraps,stat2,string,,Gear,G6,0,1,Источник Gear.Stat 2
1768,gear,gear_offense_power_wraps,operation2,string,,Gear,H6,0,1,Источник Gear.Operation 2
1769,gear,gear_offense_power_wraps,value2,int,,Gear,I6,0,1,Источник Gear.Value 2
1770,gear,gear_offense_power_wraps,tags,string,,Gear,J6,1,1,Источник Gear.Tags
1771,gear,gear_offense_power_wraps,normalized_value,int,,Gear,K6,1,1,Источник Gear.Normalized Value FP
1772,gear,gear_offense_precision_lens,gear_id,string,,Gear,A7,1,1,Источник Gear.Gear ID
1773,gear,gear_offense_precision_lens,slot,string,,Gear,C7,1,1,Источник Gear.Slot
1774,gear,gear_offense_precision_lens,stat1,string,,Gear,D7,1,1,Источник Gear.Stat 1
1775,gear,gear_offense_precision_lens,operation1,string,,Gear,E7,1,1,Источник Gear.Operation 1
1776,gear,gear_offense_precision_lens,value1,int,,Gear,F7,1,1,Источник Gear.Value 1
1777,gear,gear_offense_precision_lens,stat2,string,,Gear,G7,0,1,Источник Gear.Stat 2
1778,gear,gear_offense_precision_lens,operation2,string,,Gear,H7,0,1,Источник Gear.Operation 2
1779,gear,gear_offense_precision_lens,value2,int,,Gear,I7,0,1,Источник Gear.Value 2
1780,gear,gear_offense_precision_lens,tags,string,,Gear,J7,1,1,Источник Gear.Tags
1781,gear,gear_offense_precision_lens,normalized_value,int,,Gear,K7,1,1,Источник Gear.Normalized Value FP
1782,gear,gear_offense_guardbreaker,gear_id,string,,Gear,A8,1,1,Источник Gear.Gear ID
1783,gear,gear_offense_guardbreaker,slot,string,,Gear,C8,1,1,Источник Gear.Slot
1784,gear,gear_offense_guardbreaker,stat1,string,,Gear,D8,1,1,Источник Gear.Stat 1
1785,gear,gear_offense_guardbreaker,operation1,string,,Gear,E8,1,1,Источник Gear.Operation 1
1786,gear,gear_offense_guardbreaker,value1,int,,Gear,F8,1,1,Источник Gear.Value 1
1787,gear,gear_offense_guardbreaker,stat2,string,,Gear,G8,0,1,Источник Gear.Stat 2
1788,gear,gear_offense_guardbreaker,operation2,string,,Gear,H8,0,1,Источник Gear.Operation 2
1789,gear,gear_offense_guardbreaker,value2,int,,Gear,I8,0,1,Источник Gear.Value 2
1790,gear,gear_offense_guardbreaker,tags,string,,Gear,J8,1,1,Источник Gear.Tags
1791,gear,gear_offense_guardbreaker,normalized_value,int,,Gear,K8,1,1,Источник Gear.Normalized Value FP
1792,gear,gear_defense_vital_harness,gear_id,string,,Gear,A9,1,1,Источник Gear.Gear ID
1793,gear,gear_defense_vital_harness,slot,string,,Gear,C9,1,1,Источник Gear.Slot
1794,gear,gear_defense_vital_harness,stat1,string,,Gear,D9,1,1,Источник Gear.Stat 1
1795,gear,gear_defense_vital_harness,operation1,string,,Gear,E9,1,1,Источник Gear.Operation 1
1796,gear,gear_defense_vital_harness,value1,int,,Gear,F9,1,1,Источник Gear.Value 1
1797,gear,gear_defense_vital_harness,stat2,string,,Gear,G9,0,1,Источник Gear.Stat 2
1798,gear,gear_defense_vital_harness,operation2,string,,Gear,H9,0,1,Источник Gear.Operation 2
1799,gear,gear_defense_vital_harness,value2,int,,Gear,I9,0,1,Источник Gear.Value 2
1800,gear,gear_defense_vital_harness,tags,string,,Gear,J9,1,1,Источник Gear.Tags
1801,gear,gear_defense_vital_harness,normalized_value,int,,Gear,K9,1,1,Источник Gear.Normalized Value FP
1802,gear,gear_defense_reinforced_hide,gear_id,string,,Gear,A10,1,1,Источник Gear.Gear ID
1803,gear,gear_defense_reinforced_hide,slot,string,,Gear,C10,1,1,Источник Gear.Slot
1804,gear,gear_defense_reinforced_hide,stat1,string,,Gear,D10,1,1,Источник Gear.Stat 1
1805,gear,gear_defense_reinforced_hide,operation1,string,,Gear,E10,1,1,Источник Gear.Operation 1
1806,gear,gear_defense_reinforced_hide,value1,int,,Gear,F10,1,1,Источник Gear.Value 1
1807,gear,gear_defense_reinforced_hide,stat2,string,,Gear,G10,0,1,Источник Gear.Stat 2
1808,gear,gear_defense_reinforced_hide,operation2,string,,Gear,H10,0,1,Источник Gear.Operation 2
1809,gear,gear_defense_reinforced_hide,value2,int,,Gear,I10,0,1,Источник Gear.Value 2
1810,gear,gear_defense_reinforced_hide,tags,string,,Gear,J10,1,1,Источник Gear.Tags
1811,gear,gear_defense_reinforced_hide,normalized_value,int,,Gear,K10,1,1,Источник Gear.Normalized Value FP
1812,gear,gear_defense_control_brace,gear_id,string,,Gear,A11,1,1,Источник Gear.Gear ID
1813,gear,gear_defense_control_brace,slot,string,,Gear,C11,1,1,Источник Gear.Slot
1814,gear,gear_defense_control_brace,stat1,string,,Gear,D11,1,1,Источник Gear.Stat 1
1815,gear,gear_defense_control_brace,operation1,string,,Gear,E11,1,1,Источник Gear.Operation 1
1816,gear,gear_defense_control_brace,value1,int,,Gear,F11,1,1,Источник Gear.Value 1
1817,gear,gear_defense_control_brace,stat2,string,,Gear,G11,0,1,Источник Gear.Stat 2
1818,gear,gear_defense_control_brace,operation2,string,,Gear,H11,0,1,Источник Gear.Operation 2
1819,gear,gear_defense_control_brace,value2,int,,Gear,I11,0,1,Источник Gear.Value 2
1820,gear,gear_defense_control_brace,tags,string,,Gear,J11,1,1,Источник Gear.Tags
1821,gear,gear_defense_control_brace,normalized_value,int,,Gear,K11,1,1,Источник Gear.Normalized Value FP
1822,gear,gear_utility_sprint_soles,gear_id,string,,Gear,A12,1,1,Источник Gear.Gear ID
1823,gear,gear_utility_sprint_soles,slot,string,,Gear,C12,1,1,Источник Gear.Slot
1824,gear,gear_utility_sprint_soles,stat1,string,,Gear,D12,1,1,Источник Gear.Stat 1
1825,gear,gear_utility_sprint_soles,operation1,string,,Gear,E12,1,1,Источник Gear.Operation 1
1826,gear,gear_utility_sprint_soles,value1,int,,Gear,F12,1,1,Источник Gear.Value 1
1827,gear,gear_utility_sprint_soles,stat2,string,,Gear,G12,0,1,Источник Gear.Stat 2
1828,gear,gear_utility_sprint_soles,operation2,string,,Gear,H12,0,1,Источник Gear.Operation 2
1829,gear,gear_utility_sprint_soles,value2,int,,Gear,I12,0,1,Источник Gear.Value 2
1830,gear,gear_utility_sprint_soles,tags,string,,Gear,J12,1,1,Источник Gear.Tags
1831,gear,gear_utility_sprint_soles,normalized_value,int,,Gear,K12,1,1,Источник Gear.Normalized Value FP
1832,gear,gear_utility_quickening_cord,gear_id,string,,Gear,A13,1,1,Источник Gear.Gear ID
1833,gear,gear_utility_quickening_cord,slot,string,,Gear,C13,1,1,Источник Gear.Slot
1834,gear,gear_utility_quickening_cord,stat1,string,,Gear,D13,1,1,Источник Gear.Stat 1
1835,gear,gear_utility_quickening_cord,operation1,string,,Gear,E13,1,1,Источник Gear.Operation 1
1836,gear,gear_utility_quickening_cord,value1,int,,Gear,F13,1,1,Источник Gear.Value 1
1837,gear,gear_utility_quickening_cord,stat2,string,,Gear,G13,0,1,Источник Gear.Stat 2
1838,gear,gear_utility_quickening_cord,operation2,string,,Gear,H13,0,1,Источник Gear.Operation 2
1839,gear,gear_utility_quickening_cord,value2,int,,Gear,I13,0,1,Источник Gear.Value 2
1840,gear,gear_utility_quickening_cord,tags,string,,Gear,J13,1,1,Источник Gear.Tags
1841,gear,gear_utility_quickening_cord,normalized_value,int,,Gear,K13,1,1,Источник Gear.Normalized Value FP
1842,gear,gear_utility_energy_cell,gear_id,string,,Gear,A14,1,1,Источник Gear.Gear ID
1843,gear,gear_utility_energy_cell,slot,string,,Gear,C14,1,1,Источник Gear.Slot
1844,gear,gear_utility_energy_cell,stat1,string,,Gear,D14,1,1,Источник Gear.Stat 1
1845,gear,gear_utility_energy_cell,operation1,string,,Gear,E14,1,1,Источник Gear.Operation 1
1846,gear,gear_utility_energy_cell,value1,int,,Gear,F14,1,1,Источник Gear.Value 1
1847,gear,gear_utility_energy_cell,stat2,string,,Gear,G14,0,1,Источник Gear.Stat 2
1848,gear,gear_utility_energy_cell,operation2,string,,Gear,H14,0,1,Источник Gear.Operation 2
1849,gear,gear_utility_energy_cell,value2,int,,Gear,I14,0,1,Источник Gear.Value 2
1850,gear,gear_utility_energy_cell,tags,string,,Gear,J14,1,1,Источник Gear.Tags
1851,gear,gear_utility_energy_cell,normalized_value,int,,Gear,K14,1,1,Источник Gear.Normalized Value FP
1852,test_build,build_bear_default,build_id,string,,Test Builds,A6,1,0,Источник Test Builds.Build ID
1853,test_build,build_bear_default,animal_id,string,,Test Builds,C6,1,0,Источник Test Builds.Animal ID
1854,test_build,build_bear_default,special1,string,,Test Builds,D6,1,0,Источник Test Builds.Special 1
1855,test_build,build_bear_default,special2,string,,Test Builds,E6,1,0,Источник Test Builds.Special 2
1856,test_build,build_bear_default,passive,string,,Test Builds,F6,1,0,Источник Test Builds.Passive
1857,test_build,build_bear_default,offense_gear,string,,Test Builds,G6,1,0,Источник Test Builds.Offense Gear
1858,test_build,build_bear_default,defense_gear,string,,Test Builds,H6,1,0,Источник Test Builds.Defense Gear
1859,test_build,build_bear_default,utility_gear,string,,Test Builds,I6,1,0,Источник Test Builds.Utility Gear
1860,test_build,build_bear_default,tactic_id,string,,Test Builds,J6,1,0,Источник Test Builds.Tactic ID
1861,test_build,build_bear_anti_kite,build_id,string,,Test Builds,A7,1,0,Источник Test Builds.Build ID
1862,test_build,build_bear_anti_kite,animal_id,string,,Test Builds,C7,1,0,Источник Test Builds.Animal ID
1863,test_build,build_bear_anti_kite,special1,string,,Test Builds,D7,1,0,Источник Test Builds.Special 1
1864,test_build,build_bear_anti_kite,special2,string,,Test Builds,E7,1,0,Источник Test Builds.Special 2
1865,test_build,build_bear_anti_kite,passive,string,,Test Builds,F7,1,0,Источник Test Builds.Passive
1866,test_build,build_bear_anti_kite,offense_gear,string,,Test Builds,G7,1,0,Источник Test Builds.Offense Gear
1867,test_build,build_bear_anti_kite,defense_gear,string,,Test Builds,H7,1,0,Источник Test Builds.Defense Gear
1868,test_build,build_bear_anti_kite,utility_gear,string,,Test Builds,I7,1,0,Источник Test Builds.Utility Gear
1869,test_build,build_bear_anti_kite,tactic_id,string,,Test Builds,J7,1,0,Источник Test Builds.Tactic ID
1870,test_build,build_bear_counter_heavy,build_id,string,,Test Builds,A8,1,0,Источник Test Builds.Build ID
1871,test_build,build_bear_counter_heavy,animal_id,string,,Test Builds,C8,1,0,Источник Test Builds.Animal ID
1872,test_build,build_bear_counter_heavy,special1,string,,Test Builds,D8,1,0,Источник Test Builds.Special 1
1873,test_build,build_bear_counter_heavy,special2,string,,Test Builds,E8,1,0,Источник Test Builds.Special 2
1874,test_build,build_bear_counter_heavy,passive,string,,Test Builds,F8,1,0,Источник Test Builds.Passive
1875,test_build,build_bear_counter_heavy,offense_gear,string,,Test Builds,G8,1,0,Источник Test Builds.Offense Gear
1876,test_build,build_bear_counter_heavy,defense_gear,string,,Test Builds,H8,1,0,Источник Test Builds.Defense Gear
1877,test_build,build_bear_counter_heavy,utility_gear,string,,Test Builds,I8,1,0,Источник Test Builds.Utility Gear
1878,test_build,build_bear_counter_heavy,tactic_id,string,,Test Builds,J8,1,0,Источник Test Builds.Tactic ID
1879,test_build,build_bear_signature,build_id,string,,Test Builds,A9,1,0,Источник Test Builds.Build ID
1880,test_build,build_bear_signature,animal_id,string,,Test Builds,C9,1,0,Источник Test Builds.Animal ID
1881,test_build,build_bear_signature,special1,string,,Test Builds,D9,1,0,Источник Test Builds.Special 1
1882,test_build,build_bear_signature,special2,string,,Test Builds,E9,1,0,Источник Test Builds.Special 2
1883,test_build,build_bear_signature,passive,string,,Test Builds,F9,1,0,Источник Test Builds.Passive
1884,test_build,build_bear_signature,offense_gear,string,,Test Builds,G9,1,0,Источник Test Builds.Offense Gear
1885,test_build,build_bear_signature,defense_gear,string,,Test Builds,H9,1,0,Источник Test Builds.Defense Gear
1886,test_build,build_bear_signature,utility_gear,string,,Test Builds,I9,1,0,Источник Test Builds.Utility Gear
1887,test_build,build_bear_signature,tactic_id,string,,Test Builds,J9,1,0,Источник Test Builds.Tactic ID
1888,test_build,build_kangaroo_default,build_id,string,,Test Builds,A10,1,0,Источник Test Builds.Build ID
1889,test_build,build_kangaroo_default,animal_id,string,,Test Builds,C10,1,0,Источник Test Builds.Animal ID
1890,test_build,build_kangaroo_default,special1,string,,Test Builds,D10,1,0,Источник Test Builds.Special 1
1891,test_build,build_kangaroo_default,special2,string,,Test Builds,E10,1,0,Источник Test Builds.Special 2
1892,test_build,build_kangaroo_default,passive,string,,Test Builds,F10,1,0,Источник Test Builds.Passive
1893,test_build,build_kangaroo_default,offense_gear,string,,Test Builds,G10,1,0,Источник Test Builds.Offense Gear
1894,test_build,build_kangaroo_default,defense_gear,string,,Test Builds,H10,1,0,Источник Test Builds.Defense Gear
1895,test_build,build_kangaroo_default,utility_gear,string,,Test Builds,I10,1,0,Источник Test Builds.Utility Gear
1896,test_build,build_kangaroo_default,tactic_id,string,,Test Builds,J10,1,0,Источник Test Builds.Tactic ID
1897,test_build,build_kangaroo_anti_grab,build_id,string,,Test Builds,A11,1,0,Источник Test Builds.Build ID
1898,test_build,build_kangaroo_anti_grab,animal_id,string,,Test Builds,C11,1,0,Источник Test Builds.Animal ID
1899,test_build,build_kangaroo_anti_grab,special1,string,,Test Builds,D11,1,0,Источник Test Builds.Special 1
1900,test_build,build_kangaroo_anti_grab,special2,string,,Test Builds,E11,1,0,Источник Test Builds.Special 2
1901,test_build,build_kangaroo_anti_grab,passive,string,,Test Builds,F11,1,0,Источник Test Builds.Passive
1902,test_build,build_kangaroo_anti_grab,offense_gear,string,,Test Builds,G11,1,0,Источник Test Builds.Offense Gear
1903,test_build,build_kangaroo_anti_grab,defense_gear,string,,Test Builds,H11,1,0,Источник Test Builds.Defense Gear
1904,test_build,build_kangaroo_anti_grab,utility_gear,string,,Test Builds,I11,1,0,Источник Test Builds.Utility Gear
1905,test_build,build_kangaroo_anti_grab,tactic_id,string,,Test Builds,J11,1,0,Источник Test Builds.Tactic ID
1906,test_build,build_kangaroo_kite,build_id,string,,Test Builds,A12,1,0,Источник Test Builds.Build ID
1907,test_build,build_kangaroo_kite,animal_id,string,,Test Builds,C12,1,0,Источник Test Builds.Animal ID
1908,test_build,build_kangaroo_kite,special1,string,,Test Builds,D12,1,0,Источник Test Builds.Special 1
1909,test_build,build_kangaroo_kite,special2,string,,Test Builds,E12,1,0,Источник Test Builds.Special 2
1910,test_build,build_kangaroo_kite,passive,string,,Test Builds,F12,1,0,Источник Test Builds.Passive
1911,test_build,build_kangaroo_kite,offense_gear,string,,Test Builds,G12,1,0,Источник Test Builds.Offense Gear
1912,test_build,build_kangaroo_kite,defense_gear,string,,Test Builds,H12,1,0,Источник Test Builds.Defense Gear
1913,test_build,build_kangaroo_kite,utility_gear,string,,Test Builds,I12,1,0,Источник Test Builds.Utility Gear
1914,test_build,build_kangaroo_kite,tactic_id,string,,Test Builds,J12,1,0,Источник Test Builds.Tactic ID
1915,test_build,build_kangaroo_signature,build_id,string,,Test Builds,A13,1,0,Источник Test Builds.Build ID
1916,test_build,build_kangaroo_signature,animal_id,string,,Test Builds,C13,1,0,Источник Test Builds.Animal ID
1917,test_build,build_kangaroo_signature,special1,string,,Test Builds,D13,1,0,Источник Test Builds.Special 1
1918,test_build,build_kangaroo_signature,special2,string,,Test Builds,E13,1,0,Источник Test Builds.Special 2
1919,test_build,build_kangaroo_signature,passive,string,,Test Builds,F13,1,0,Источник Test Builds.Passive
1920,test_build,build_kangaroo_signature,offense_gear,string,,Test Builds,G13,1,0,Источник Test Builds.Offense Gear
1921,test_build,build_kangaroo_signature,defense_gear,string,,Test Builds,H13,1,0,Источник Test Builds.Defense Gear
1922,test_build,build_kangaroo_signature,utility_gear,string,,Test Builds,I13,1,0,Источник Test Builds.Utility Gear
1923,test_build,build_kangaroo_signature,tactic_id,string,,Test Builds,J13,1,0,Источник Test Builds.Tactic ID
1924,test_build,build_gorilla_default,build_id,string,,Test Builds,A14,1,0,Источник Test Builds.Build ID
1925,test_build,build_gorilla_default,animal_id,string,,Test Builds,C14,1,0,Источник Test Builds.Animal ID
1926,test_build,build_gorilla_default,special1,string,,Test Builds,D14,1,0,Источник Test Builds.Special 1
1927,test_build,build_gorilla_default,special2,string,,Test Builds,E14,1,0,Источник Test Builds.Special 2
1928,test_build,build_gorilla_default,passive,string,,Test Builds,F14,1,0,Источник Test Builds.Passive
1929,test_build,build_gorilla_default,offense_gear,string,,Test Builds,G14,1,0,Источник Test Builds.Offense Gear
1930,test_build,build_gorilla_default,defense_gear,string,,Test Builds,H14,1,0,Источник Test Builds.Defense Gear
1931,test_build,build_gorilla_default,utility_gear,string,,Test Builds,I14,1,0,Источник Test Builds.Utility Gear
1932,test_build,build_gorilla_default,tactic_id,string,,Test Builds,J14,1,0,Источник Test Builds.Tactic ID
1933,test_build,build_gorilla_anti_heavy,build_id,string,,Test Builds,A15,1,0,Источник Test Builds.Build ID
1934,test_build,build_gorilla_anti_heavy,animal_id,string,,Test Builds,C15,1,0,Источник Test Builds.Animal ID
1935,test_build,build_gorilla_anti_heavy,special1,string,,Test Builds,D15,1,0,Источник Test Builds.Special 1
1936,test_build,build_gorilla_anti_heavy,special2,string,,Test Builds,E15,1,0,Источник Test Builds.Special 2
1937,test_build,build_gorilla_anti_heavy,passive,string,,Test Builds,F15,1,0,Источник Test Builds.Passive
1938,test_build,build_gorilla_anti_heavy,offense_gear,string,,Test Builds,G15,1,0,Источник Test Builds.Offense Gear
1939,test_build,build_gorilla_anti_heavy,defense_gear,string,,Test Builds,H15,1,0,Источник Test Builds.Defense Gear
1940,test_build,build_gorilla_anti_heavy,utility_gear,string,,Test Builds,I15,1,0,Источник Test Builds.Utility Gear
1941,test_build,build_gorilla_anti_heavy,tactic_id,string,,Test Builds,J15,1,0,Источник Test Builds.Tactic ID
1942,test_build,build_gorilla_wall_pressure,build_id,string,,Test Builds,A16,1,0,Источник Test Builds.Build ID
1943,test_build,build_gorilla_wall_pressure,animal_id,string,,Test Builds,C16,1,0,Источник Test Builds.Animal ID
1944,test_build,build_gorilla_wall_pressure,special1,string,,Test Builds,D16,1,0,Источник Test Builds.Special 1
1945,test_build,build_gorilla_wall_pressure,special2,string,,Test Builds,E16,1,0,Источник Test Builds.Special 2
1946,test_build,build_gorilla_wall_pressure,passive,string,,Test Builds,F16,1,0,Источник Test Builds.Passive
1947,test_build,build_gorilla_wall_pressure,offense_gear,string,,Test Builds,G16,1,0,Источник Test Builds.Offense Gear
1948,test_build,build_gorilla_wall_pressure,defense_gear,string,,Test Builds,H16,1,0,Источник Test Builds.Defense Gear
1949,test_build,build_gorilla_wall_pressure,utility_gear,string,,Test Builds,I16,1,0,Источник Test Builds.Utility Gear
1950,test_build,build_gorilla_wall_pressure,tactic_id,string,,Test Builds,J16,1,0,Источник Test Builds.Tactic ID
1951,test_build,build_gorilla_signature,build_id,string,,Test Builds,A17,1,0,Источник Test Builds.Build ID
1952,test_build,build_gorilla_signature,animal_id,string,,Test Builds,C17,1,0,Источник Test Builds.Animal ID
1953,test_build,build_gorilla_signature,special1,string,,Test Builds,D17,1,0,Источник Test Builds.Special 1
1954,test_build,build_gorilla_signature,special2,string,,Test Builds,E17,1,0,Источник Test Builds.Special 2
1955,test_build,build_gorilla_signature,passive,string,,Test Builds,F17,1,0,Источник Test Builds.Passive
1956,test_build,build_gorilla_signature,offense_gear,string,,Test Builds,G17,1,0,Источник Test Builds.Offense Gear
1957,test_build,build_gorilla_signature,defense_gear,string,,Test Builds,H17,1,0,Источник Test Builds.Defense Gear
1958,test_build,build_gorilla_signature,utility_gear,string,,Test Builds,I17,1,0,Источник Test Builds.Utility Gear
1959,test_build,build_gorilla_signature,tactic_id,string,,Test Builds,J17,1,0,Источник Test Builds.Tactic ID
1960,matchup_test,bear_vs_bear,matchup_id,string,,Expected Matchups,A6,1,0,Источник Expected Matchups.Matchup ID
1961,matchup_test,bear_vs_bear,animal_a,string,,Expected Matchups,B6,1,0,Источник Expected Matchups.Animal A
1962,matchup_test,bear_vs_bear,animal_b,string,,Expected Matchups,C6,1,0,Источник Expected Matchups.Animal B
1963,matchup_test,bear_vs_bear,target_win_rate_a,number,,Expected Matchups,D6,1,0,Источник Expected Matchups.Target Win Rate A
1964,matchup_test,bear_vs_bear,min_win_rate_a,number,,Expected Matchups,E6,1,0,Источник Expected Matchups.Min Win Rate A
1965,matchup_test,bear_vs_bear,max_win_rate_a,number,,Expected Matchups,F6,1,0,Источник Expected Matchups.Max Win Rate A
1966,matchup_test,bear_vs_bear,target_draw_rate_max,number,,Expected Matchups,G6,1,0,Источник Expected Matchups.Draw Rate Max
1967,matchup_test,bear_vs_bear,target_timeout_rate_max,number,,Expected Matchups,H6,1,0,Источник Expected Matchups.Timeout Rate Max
1968,matchup_test,bear_vs_bear,target_duration_min_sec,int,,Expected Matchups,I6,1,0,Источник Expected Matchups.Duration Min Sec
1969,matchup_test,bear_vs_bear,target_duration_max_sec,int,,Expected Matchups,J6,1,0,Источник Expected Matchups.Duration Max Sec
1970,matchup_test,bear_vs_bear,target_signature_use_min,number,,Expected Matchups,K6,1,0,Источник Expected Matchups.Signature Use Min
1971,matchup_test,bear_vs_bear,target_signature_use_max,number,,Expected Matchups,L6,1,0,Источник Expected Matchups.Signature Use Max
1972,matchup_test,bear_vs_bear,expected_edge,string,,Expected Matchups,M6,1,0,Источник Expected Matchups.Expected Edge
1973,matchup_test,bear_vs_bear,control_build_a,string,,Expected Matchups,N6,1,0,Источник Expected Matchups.Control Build A
1974,matchup_test,bear_vs_bear,control_build_b,string,,Expected Matchups,O6,1,0,Источник Expected Matchups.Control Build B
1975,matchup_test,bear_vs_kangaroo,matchup_id,string,,Expected Matchups,A7,1,0,Источник Expected Matchups.Matchup ID
1976,matchup_test,bear_vs_kangaroo,animal_a,string,,Expected Matchups,B7,1,0,Источник Expected Matchups.Animal A
1977,matchup_test,bear_vs_kangaroo,animal_b,string,,Expected Matchups,C7,1,0,Источник Expected Matchups.Animal B
1978,matchup_test,bear_vs_kangaroo,target_win_rate_a,number,,Expected Matchups,D7,1,0,Источник Expected Matchups.Target Win Rate A
1979,matchup_test,bear_vs_kangaroo,min_win_rate_a,number,,Expected Matchups,E7,1,0,Источник Expected Matchups.Min Win Rate A
1980,matchup_test,bear_vs_kangaroo,max_win_rate_a,number,,Expected Matchups,F7,1,0,Источник Expected Matchups.Max Win Rate A
1981,matchup_test,bear_vs_kangaroo,target_draw_rate_max,number,,Expected Matchups,G7,1,0,Источник Expected Matchups.Draw Rate Max
1982,matchup_test,bear_vs_kangaroo,target_timeout_rate_max,number,,Expected Matchups,H7,1,0,Источник Expected Matchups.Timeout Rate Max
1983,matchup_test,bear_vs_kangaroo,target_duration_min_sec,int,,Expected Matchups,I7,1,0,Источник Expected Matchups.Duration Min Sec
1984,matchup_test,bear_vs_kangaroo,target_duration_max_sec,int,,Expected Matchups,J7,1,0,Источник Expected Matchups.Duration Max Sec
1985,matchup_test,bear_vs_kangaroo,target_signature_use_min,number,,Expected Matchups,K7,1,0,Источник Expected Matchups.Signature Use Min
1986,matchup_test,bear_vs_kangaroo,target_signature_use_max,number,,Expected Matchups,L7,1,0,Источник Expected Matchups.Signature Use Max
1987,matchup_test,bear_vs_kangaroo,expected_edge,string,,Expected Matchups,M7,1,0,Источник Expected Matchups.Expected Edge
1988,matchup_test,bear_vs_kangaroo,control_build_a,string,,Expected Matchups,N7,1,0,Источник Expected Matchups.Control Build A
1989,matchup_test,bear_vs_kangaroo,control_build_b,string,,Expected Matchups,O7,1,0,Источник Expected Matchups.Control Build B
1990,matchup_test,bear_vs_gorilla,matchup_id,string,,Expected Matchups,A8,1,0,Источник Expected Matchups.Matchup ID
1991,matchup_test,bear_vs_gorilla,animal_a,string,,Expected Matchups,B8,1,0,Источник Expected Matchups.Animal A
1992,matchup_test,bear_vs_gorilla,animal_b,string,,Expected Matchups,C8,1,0,Источник Expected Matchups.Animal B
1993,matchup_test,bear_vs_gorilla,target_win_rate_a,number,,Expected Matchups,D8,1,0,Источник Expected Matchups.Target Win Rate A
1994,matchup_test,bear_vs_gorilla,min_win_rate_a,number,,Expected Matchups,E8,1,0,Источник Expected Matchups.Min Win Rate A
1995,matchup_test,bear_vs_gorilla,max_win_rate_a,number,,Expected Matchups,F8,1,0,Источник Expected Matchups.Max Win Rate A
1996,matchup_test,bear_vs_gorilla,target_draw_rate_max,number,,Expected Matchups,G8,1,0,Источник Expected Matchups.Draw Rate Max
1997,matchup_test,bear_vs_gorilla,target_timeout_rate_max,number,,Expected Matchups,H8,1,0,Источник Expected Matchups.Timeout Rate Max
1998,matchup_test,bear_vs_gorilla,target_duration_min_sec,int,,Expected Matchups,I8,1,0,Источник Expected Matchups.Duration Min Sec
1999,matchup_test,bear_vs_gorilla,target_duration_max_sec,int,,Expected Matchups,J8,1,0,Источник Expected Matchups.Duration Max Sec
2000,matchup_test,bear_vs_gorilla,target_signature_use_min,number,,Expected Matchups,K8,1,0,Источник Expected Matchups.Signature Use Min
2001,matchup_test,bear_vs_gorilla,target_signature_use_max,number,,Expected Matchups,L8,1,0,Источник Expected Matchups.Signature Use Max
2002,matchup_test,bear_vs_gorilla,expected_edge,string,,Expected Matchups,M8,1,0,Источник Expected Matchups.Expected Edge
2003,matchup_test,bear_vs_gorilla,control_build_a,string,,Expected Matchups,N8,1,0,Источник Expected Matchups.Control Build A
2004,matchup_test,bear_vs_gorilla,control_build_b,string,,Expected Matchups,O8,1,0,Источник Expected Matchups.Control Build B
2005,matchup_test,kangaroo_vs_bear,matchup_id,string,,Expected Matchups,A9,1,0,Источник Expected Matchups.Matchup ID
2006,matchup_test,kangaroo_vs_bear,animal_a,string,,Expected Matchups,B9,1,0,Источник Expected Matchups.Animal A
2007,matchup_test,kangaroo_vs_bear,animal_b,string,,Expected Matchups,C9,1,0,Источник Expected Matchups.Animal B
2008,matchup_test,kangaroo_vs_bear,target_win_rate_a,number,,Expected Matchups,D9,1,0,Источник Expected Matchups.Target Win Rate A
2009,matchup_test,kangaroo_vs_bear,min_win_rate_a,number,,Expected Matchups,E9,1,0,Источник Expected Matchups.Min Win Rate A
2010,matchup_test,kangaroo_vs_bear,max_win_rate_a,number,,Expected Matchups,F9,1,0,Источник Expected Matchups.Max Win Rate A
2011,matchup_test,kangaroo_vs_bear,target_draw_rate_max,number,,Expected Matchups,G9,1,0,Источник Expected Matchups.Draw Rate Max
2012,matchup_test,kangaroo_vs_bear,target_timeout_rate_max,number,,Expected Matchups,H9,1,0,Источник Expected Matchups.Timeout Rate Max
2013,matchup_test,kangaroo_vs_bear,target_duration_min_sec,int,,Expected Matchups,I9,1,0,Источник Expected Matchups.Duration Min Sec
2014,matchup_test,kangaroo_vs_bear,target_duration_max_sec,int,,Expected Matchups,J9,1,0,Источник Expected Matchups.Duration Max Sec
2015,matchup_test,kangaroo_vs_bear,target_signature_use_min,number,,Expected Matchups,K9,1,0,Источник Expected Matchups.Signature Use Min
2016,matchup_test,kangaroo_vs_bear,target_signature_use_max,number,,Expected Matchups,L9,1,0,Источник Expected Matchups.Signature Use Max
2017,matchup_test,kangaroo_vs_bear,expected_edge,string,,Expected Matchups,M9,1,0,Источник Expected Matchups.Expected Edge
2018,matchup_test,kangaroo_vs_bear,control_build_a,string,,Expected Matchups,N9,1,0,Источник Expected Matchups.Control Build A
2019,matchup_test,kangaroo_vs_bear,control_build_b,string,,Expected Matchups,O9,1,0,Источник Expected Matchups.Control Build B
2020,matchup_test,kangaroo_vs_kangaroo,matchup_id,string,,Expected Matchups,A10,1,0,Источник Expected Matchups.Matchup ID
2021,matchup_test,kangaroo_vs_kangaroo,animal_a,string,,Expected Matchups,B10,1,0,Источник Expected Matchups.Animal A
2022,matchup_test,kangaroo_vs_kangaroo,animal_b,string,,Expected Matchups,C10,1,0,Источник Expected Matchups.Animal B
2023,matchup_test,kangaroo_vs_kangaroo,target_win_rate_a,number,,Expected Matchups,D10,1,0,Источник Expected Matchups.Target Win Rate A
2024,matchup_test,kangaroo_vs_kangaroo,min_win_rate_a,number,,Expected Matchups,E10,1,0,Источник Expected Matchups.Min Win Rate A
2025,matchup_test,kangaroo_vs_kangaroo,max_win_rate_a,number,,Expected Matchups,F10,1,0,Источник Expected Matchups.Max Win Rate A
2026,matchup_test,kangaroo_vs_kangaroo,target_draw_rate_max,number,,Expected Matchups,G10,1,0,Источник Expected Matchups.Draw Rate Max
2027,matchup_test,kangaroo_vs_kangaroo,target_timeout_rate_max,number,,Expected Matchups,H10,1,0,Источник Expected Matchups.Timeout Rate Max
2028,matchup_test,kangaroo_vs_kangaroo,target_duration_min_sec,int,,Expected Matchups,I10,1,0,Источник Expected Matchups.Duration Min Sec
2029,matchup_test,kangaroo_vs_kangaroo,target_duration_max_sec,int,,Expected Matchups,J10,1,0,Источник Expected Matchups.Duration Max Sec
2030,matchup_test,kangaroo_vs_kangaroo,target_signature_use_min,number,,Expected Matchups,K10,1,0,Источник Expected Matchups.Signature Use Min
2031,matchup_test,kangaroo_vs_kangaroo,target_signature_use_max,number,,Expected Matchups,L10,1,0,Источник Expected Matchups.Signature Use Max
2032,matchup_test,kangaroo_vs_kangaroo,expected_edge,string,,Expected Matchups,M10,1,0,Источник Expected Matchups.Expected Edge
2033,matchup_test,kangaroo_vs_kangaroo,control_build_a,string,,Expected Matchups,N10,1,0,Источник Expected Matchups.Control Build A
2034,matchup_test,kangaroo_vs_kangaroo,control_build_b,string,,Expected Matchups,O10,1,0,Источник Expected Matchups.Control Build B
2035,matchup_test,kangaroo_vs_gorilla,matchup_id,string,,Expected Matchups,A11,1,0,Источник Expected Matchups.Matchup ID
2036,matchup_test,kangaroo_vs_gorilla,animal_a,string,,Expected Matchups,B11,1,0,Источник Expected Matchups.Animal A
2037,matchup_test,kangaroo_vs_gorilla,animal_b,string,,Expected Matchups,C11,1,0,Источник Expected Matchups.Animal B
2038,matchup_test,kangaroo_vs_gorilla,target_win_rate_a,number,,Expected Matchups,D11,1,0,Источник Expected Matchups.Target Win Rate A
2039,matchup_test,kangaroo_vs_gorilla,min_win_rate_a,number,,Expected Matchups,E11,1,0,Источник Expected Matchups.Min Win Rate A
2040,matchup_test,kangaroo_vs_gorilla,max_win_rate_a,number,,Expected Matchups,F11,1,0,Источник Expected Matchups.Max Win Rate A
2041,matchup_test,kangaroo_vs_gorilla,target_draw_rate_max,number,,Expected Matchups,G11,1,0,Источник Expected Matchups.Draw Rate Max
2042,matchup_test,kangaroo_vs_gorilla,target_timeout_rate_max,number,,Expected Matchups,H11,1,0,Источник Expected Matchups.Timeout Rate Max
2043,matchup_test,kangaroo_vs_gorilla,target_duration_min_sec,int,,Expected Matchups,I11,1,0,Источник Expected Matchups.Duration Min Sec
2044,matchup_test,kangaroo_vs_gorilla,target_duration_max_sec,int,,Expected Matchups,J11,1,0,Источник Expected Matchups.Duration Max Sec
2045,matchup_test,kangaroo_vs_gorilla,target_signature_use_min,number,,Expected Matchups,K11,1,0,Источник Expected Matchups.Signature Use Min
2046,matchup_test,kangaroo_vs_gorilla,target_signature_use_max,number,,Expected Matchups,L11,1,0,Источник Expected Matchups.Signature Use Max
2047,matchup_test,kangaroo_vs_gorilla,expected_edge,string,,Expected Matchups,M11,1,0,Источник Expected Matchups.Expected Edge
2048,matchup_test,kangaroo_vs_gorilla,control_build_a,string,,Expected Matchups,N11,1,0,Источник Expected Matchups.Control Build A
2049,matchup_test,kangaroo_vs_gorilla,control_build_b,string,,Expected Matchups,O11,1,0,Источник Expected Matchups.Control Build B
2050,matchup_test,gorilla_vs_bear,matchup_id,string,,Expected Matchups,A12,1,0,Источник Expected Matchups.Matchup ID
2051,matchup_test,gorilla_vs_bear,animal_a,string,,Expected Matchups,B12,1,0,Источник Expected Matchups.Animal A
2052,matchup_test,gorilla_vs_bear,animal_b,string,,Expected Matchups,C12,1,0,Источник Expected Matchups.Animal B
2053,matchup_test,gorilla_vs_bear,target_win_rate_a,number,,Expected Matchups,D12,1,0,Источник Expected Matchups.Target Win Rate A
2054,matchup_test,gorilla_vs_bear,min_win_rate_a,number,,Expected Matchups,E12,1,0,Источник Expected Matchups.Min Win Rate A
2055,matchup_test,gorilla_vs_bear,max_win_rate_a,number,,Expected Matchups,F12,1,0,Источник Expected Matchups.Max Win Rate A
2056,matchup_test,gorilla_vs_bear,target_draw_rate_max,number,,Expected Matchups,G12,1,0,Источник Expected Matchups.Draw Rate Max
2057,matchup_test,gorilla_vs_bear,target_timeout_rate_max,number,,Expected Matchups,H12,1,0,Источник Expected Matchups.Timeout Rate Max
2058,matchup_test,gorilla_vs_bear,target_duration_min_sec,int,,Expected Matchups,I12,1,0,Источник Expected Matchups.Duration Min Sec
2059,matchup_test,gorilla_vs_bear,target_duration_max_sec,int,,Expected Matchups,J12,1,0,Источник Expected Matchups.Duration Max Sec
2060,matchup_test,gorilla_vs_bear,target_signature_use_min,number,,Expected Matchups,K12,1,0,Источник Expected Matchups.Signature Use Min
2061,matchup_test,gorilla_vs_bear,target_signature_use_max,number,,Expected Matchups,L12,1,0,Источник Expected Matchups.Signature Use Max
2062,matchup_test,gorilla_vs_bear,expected_edge,string,,Expected Matchups,M12,1,0,Источник Expected Matchups.Expected Edge
2063,matchup_test,gorilla_vs_bear,control_build_a,string,,Expected Matchups,N12,1,0,Источник Expected Matchups.Control Build A
2064,matchup_test,gorilla_vs_bear,control_build_b,string,,Expected Matchups,O12,1,0,Источник Expected Matchups.Control Build B
2065,matchup_test,gorilla_vs_kangaroo,matchup_id,string,,Expected Matchups,A13,1,0,Источник Expected Matchups.Matchup ID
2066,matchup_test,gorilla_vs_kangaroo,animal_a,string,,Expected Matchups,B13,1,0,Источник Expected Matchups.Animal A
2067,matchup_test,gorilla_vs_kangaroo,animal_b,string,,Expected Matchups,C13,1,0,Источник Expected Matchups.Animal B
2068,matchup_test,gorilla_vs_kangaroo,target_win_rate_a,number,,Expected Matchups,D13,1,0,Источник Expected Matchups.Target Win Rate A
2069,matchup_test,gorilla_vs_kangaroo,min_win_rate_a,number,,Expected Matchups,E13,1,0,Источник Expected Matchups.Min Win Rate A
2070,matchup_test,gorilla_vs_kangaroo,max_win_rate_a,number,,Expected Matchups,F13,1,0,Источник Expected Matchups.Max Win Rate A
2071,matchup_test,gorilla_vs_kangaroo,target_draw_rate_max,number,,Expected Matchups,G13,1,0,Источник Expected Matchups.Draw Rate Max
2072,matchup_test,gorilla_vs_kangaroo,target_timeout_rate_max,number,,Expected Matchups,H13,1,0,Источник Expected Matchups.Timeout Rate Max
2073,matchup_test,gorilla_vs_kangaroo,target_duration_min_sec,int,,Expected Matchups,I13,1,0,Источник Expected Matchups.Duration Min Sec
2074,matchup_test,gorilla_vs_kangaroo,target_duration_max_sec,int,,Expected Matchups,J13,1,0,Источник Expected Matchups.Duration Max Sec
2075,matchup_test,gorilla_vs_kangaroo,target_signature_use_min,number,,Expected Matchups,K13,1,0,Источник Expected Matchups.Signature Use Min
2076,matchup_test,gorilla_vs_kangaroo,target_signature_use_max,number,,Expected Matchups,L13,1,0,Источник Expected Matchups.Signature Use Max
2077,matchup_test,gorilla_vs_kangaroo,expected_edge,string,,Expected Matchups,M13,1,0,Источник Expected Matchups.Expected Edge
2078,matchup_test,gorilla_vs_kangaroo,control_build_a,string,,Expected Matchups,N13,1,0,Источник Expected Matchups.Control Build A
2079,matchup_test,gorilla_vs_kangaroo,control_build_b,string,,Expected Matchups,O13,1,0,Источник Expected Matchups.Control Build B
2080,matchup_test,gorilla_vs_gorilla,matchup_id,string,,Expected Matchups,A14,1,0,Источник Expected Matchups.Matchup ID
2081,matchup_test,gorilla_vs_gorilla,animal_a,string,,Expected Matchups,B14,1,0,Источник Expected Matchups.Animal A
2082,matchup_test,gorilla_vs_gorilla,animal_b,string,,Expected Matchups,C14,1,0,Источник Expected Matchups.Animal B
2083,matchup_test,gorilla_vs_gorilla,target_win_rate_a,number,,Expected Matchups,D14,1,0,Источник Expected Matchups.Target Win Rate A
2084,matchup_test,gorilla_vs_gorilla,min_win_rate_a,number,,Expected Matchups,E14,1,0,Источник Expected Matchups.Min Win Rate A
2085,matchup_test,gorilla_vs_gorilla,max_win_rate_a,number,,Expected Matchups,F14,1,0,Источник Expected Matchups.Max Win Rate A
2086,matchup_test,gorilla_vs_gorilla,target_draw_rate_max,number,,Expected Matchups,G14,1,0,Источник Expected Matchups.Draw Rate Max
2087,matchup_test,gorilla_vs_gorilla,target_timeout_rate_max,number,,Expected Matchups,H14,1,0,Источник Expected Matchups.Timeout Rate Max
2088,matchup_test,gorilla_vs_gorilla,target_duration_min_sec,int,,Expected Matchups,I14,1,0,Источник Expected Matchups.Duration Min Sec
2089,matchup_test,gorilla_vs_gorilla,target_duration_max_sec,int,,Expected Matchups,J14,1,0,Источник Expected Matchups.Duration Max Sec
2090,matchup_test,gorilla_vs_gorilla,target_signature_use_min,number,,Expected Matchups,K14,1,0,Источник Expected Matchups.Signature Use Min
2091,matchup_test,gorilla_vs_gorilla,target_signature_use_max,number,,Expected Matchups,L14,1,0,Источник Expected Matchups.Signature Use Max
2092,matchup_test,gorilla_vs_gorilla,expected_edge,string,,Expected Matchups,M14,1,0,Источник Expected Matchups.Expected Edge
2093,matchup_test,gorilla_vs_gorilla,control_build_a,string,,Expected Matchups,N14,1,0,Источник Expected Matchups.Control Build A
2094,matchup_test,gorilla_vs_gorilla,control_build_b,string,,Expected Matchups,O14,1,0,Источник Expected Matchups.Control Build B
2095,global,root,global.sim.max_events_per_battle,int,events,Global Config,D90,1,1,Максимум событий боя
2096,global,root,global.sim.max_zero_progress_ticks,int,ticks,Global Config,D91,1,1,Порог тиков без прогресса
